name,city,income,credit_score,loan_amount,years_employed,points
-1.6515106514557687,-1.143365720977172,0.6735651659198003,-1.1521335095137046,1.0130760463666164,0.5570338401171905,-0.35849654797434194
-1.3535978753148226,0.08008529509262942,-1.333960991569655,0.9659192909505365,-0.6943582215916856,0.6419604813913466,-0.09016080847258898
1.0487568950775752,-0.3369583393444371,-1.662100362048948,0.06263206722313949,-0.9940674282013876,-0.6319391377209961,-0.6268322874760949
-0.5637826083365,1.563727251231574,1.0617986477331127,-1.4324640272222073,1.6555112143989235,0.7268871226655028,-0.35849654797434194
1.6186016819983386,-0.19302292568916635,-0.7116737074081111,-0.48556983407348764,1.539415259101907,-1.3962789091884016,-1.7001752454831067
-0.8894082008626505,0.6687442304263649,-0.8262353578759569,0.7167366085429787,-0.42886528804101937,0.7268871226655028,0.4465106705309169
-0.48584031225311286,-0.4144620236203521,-0.9086617403138347,-1.251806582476728,1.0991095559924224,1.6610801766812209,-1.1635037664796009
0.8461069252607688,-0.00849034407984488,-1.2267370873216485,-0.3111419563881972,1.4473270180294404,-0.037452648801902785,-1.7001752454831067
0.9240492213441559,0.7074960725643225,1.0424826833757492,-1.2891839848378615,-0.738008611090867,1.321373611584596,-0.09016080847258898
-0.6590454146606397,1.6689108227488874,-1.3675464070738996,-0.7970481870829349,-0.48927179479956395,-1.056572344091777,-1.9685109849848597
0.007794229608338709,-0.7798365352068086,0.8152735771061027,0.5983748343993888,-0.699497702935944,-1.056572344091777,0.9831821495344228
-1.5129465695297473,-1.2097974503565276,1.0584343055927912,-1.3016431189582394,0.06389128632151386,0.3022539162947219,-0.09016080847258898
-0.002598076536112903,-0.4255339785169114,1.6344038794259428,-0.005893170438938906,1.2459719955009585,0.047473992472253396,-0.35849654797434194
-0.3230275159900376,1.3127629402428969,0.31601680466217935,1.5265803263675415,-1.2204862227648834,1.6610801766812209,2.3248608470431877
0.47025185303643546,1.5305113865418962,-1.4266834210748964,1.6760899358120762,-1.7088073543234676,1.4912268941329085,1.2515178890361758
-1.679223467840973,-0.6820342669538683,0.48756925086909275,-1.2081996130554051,-1.3162354642469587,0.8967404052138152,0.17817493102916399
1.627261937118715,-1.195034843827782,-0.15325091801370538,-0.6537681446985891,-0.4884973524052237,1.0665936877621276,-0.35849654797434194
-0.24508521990665053,-0.3904727880111403,-1.6363747458552824,0.673129639121656,0.3099527561596413,1.0665936877621276,-0.35849654797434194
-0.8790158947181989,0.002581610816714409,-1.6439155127215204,-0.30491238932800824,-1.6782520816740405,-1.3962789091884016,-1.4318395059813538
-1.6047452738057364,0.7185680274608817,-1.4010158107802018,-0.19278018224460725,-0.42654196085799845,0.8967404052138152,-1.7001752454831067
-1.2133017423647257,0.9270898446794149,-0.9260345070556676,0.8849349191680802,-0.8329130063245711,-1.2264256266400893,0.4465106705309169
-0.3160993118937365,1.0009028773231436,-0.8727270859012624,-1.0836082718516264,-1.4317681887117275,0.3871805575688781,-0.35849654797434194
1.027972282788672,-1.2503946183105783,0.1638963346105715,-0.8157368882635018,0.23511345932475444,-0.8017924202693084,-0.6268322874760949
-0.8634274355015215,-0.03432490550514988,0.5313637045922439,-1.0836082718516264,-1.4780235208100536,1.1515203290362837,0.17817493102916399
1.5874247635649839,-1.075088665781723,-1.656299772151842,1.35838201574244,-0.7251951096572363,0.3871805575688781,0.17817493102916399
-1.2081055892925,-1.6194597815292213,0.37637194254156847,0.11246860370465105,0.24032334452304385,1.23644697031044,0.4465106705309169
0.056291658282446234,0.2646178767019509,-1.0012971609706194,-1.3203318201388063,-0.26447228887877977,-1.4812055504625579,-1.4318395059813538
-0.13423395436583332,0.4639130648400181,0.9647547787545273,-1.1957404789350274,-0.8540341625338524,-1.3962789091884016,-0.6268322874760949
0.5862992716494785,0.09669322743746836,0.7133282096644628,-1.1895109118748384,0.2228631887233713,1.4063002528587523,-0.09016080847258898
-0.6694377208050913,-0.6801889411377751,0.9088950980453955,-0.8718029918052023,1.3876949536652363,-0.12237929007605897,-0.35849654797434194
1.5354632328427258,1.0802518874151519,0.31439263949098967,-1.0711491377312485,-1.3734033937200802,1.1515203290362837,0.17817493102916399
-0.8045377006829624,-1.0953872497587482,-0.1623868471016475,1.0842810650941264,0.7949649065787714,-0.12237929007605897,0.9831821495344228
1.6480465494076182,-0.3775555072984878,-0.9191898109770824,-1.0462308694904927,-1.0918583814503602,-0.3771592138985275,-0.6268322874760949
-1.2947081404962635,-0.6248291666549786,-0.04953637065344803,0.48001306025579876,-0.7720840764418408,1.6610801766812209,0.4465106705309169
0.0857365256917258,0.29783374139162877,0.4828997760019223,-1.4262344601620183,-1.6950786027874347,0.047473992472253396,0.17817493102916399
0.42002237333825265,-1.6452943429545264,-0.6996374833716159,-1.6504988743288203,-1.1952816430218076,-1.3962789091884016,-1.1635037664796009
0.608815934962457,0.7370212856218139,1.3198378893058782,-0.7659003517819901,0.27158265571278023,-1.056572344091777,-0.35849654797434194
-0.4667877509882849,1.493604870220032,1.5474240339188365,-1.0524604365506816,-0.07959176819353725,1.23644697031044,-0.09016080847258898
-0.26586983219555377,-1.0972325755748416,-1.732490520450331,-0.5790133399763219,0.19089983899332555,-1.6510588330108702,-2.5051824639883655
1.5198747736260483,0.5524887040124924,1.1274033194693829,-0.005893170438938906,-0.9768888878178388,-1.2264256266400893,-0.09016080847258898
-1.544123487963102,0.7610105212310256,1.3061194941992222,0.5236200296771214,-0.3033352163038574,-0.5470124964468399,0.7148464100326699
0.5551223532161236,-0.07492207345920061,-1.1502563095283045,0.5298495967373104,1.2483657265380104,0.9816670464879713,-0.35849654797434194
1.7034721821780268,0.41408926780550126,0.8967718651604436,-0.5727837729161329,0.9673839451005379,-0.3771592138985275,-0.35849654797434194
0.267601883219629,0.9252445188633217,-0.1506406525600076,-0.9714760647682253,0.06586259423438012,1.321373611584596,-0.6268322874760949
-1.5597119471797796,1.5932524642890655,-0.4637274922563102,0.3990286884733425,1.1638106978468543,-0.037452648801902785,-0.35849654797434194
-1.4038273550130054,-1.014192913850647,-0.7008556072500082,0.8600166509273244,1.505480601458995,-0.20730593135021513,0.17817493102916399
-1.1370914973054138,-1.4976682776670691,-1.1661209228968896,0.21214167666767417,0.16217506654870295,1.23644697031044,-0.35849654797434194
-0.6902223330939946,1.281392401369312,-0.938679793031359,-0.3485193587493309,0.6471168131138021,0.811813763939659,-1.1635037664796009
1.5597119471797796,1.6559935420362348,1.1452111304534986,-1.1147561071525711,-0.6277561756784186,-0.12237929007605897,-0.09016080847258898
-0.9656184459219623,1.0728705841507788,-0.47761990505987933,-1.2455770154165389,0.3898611304847556,0.4721071988430343,-1.1635037664796009
0.286654444484457,1.023046787116262,-1.3686485191543498,-0.7659003517819901,1.315601407137556,-1.7359854742850265,-2.5051824639883655
1.2895119874240375,0.8809566992770846,-1.4046121765164077,1.2524793757192278,-1.479713213306796,1.23644697031044,0.7148464100326699
1.157876109594317,-1.3814127512531966,-0.3129121549315512,0.3118147496306973,0.330581085390706,1.5761535354070646,0.17817493102916399
1.3917029978444784,-0.10813793814887847,-1.3895306427839318,1.1590358698163938,-0.5155324323531038,-0.4620858551726837,0.17817493102916399
-0.7924133435144355,1.0064388547714231,-0.39252525126933263,1.0967401992145043,-1.3539719300075412,-0.20730593135021513,1.7881893680396816
-0.5481941491198226,-1.1913441921955954,1.4645336042891903,-0.7347525164810454,1.5479341254396506,-0.6319391377209961,-0.35849654797434194
-0.3559364854474677,-1.5161215358280014,-0.4496610617558279,0.7728027120846792,0.9835064276736226,-1.6510588330108702,-0.35849654797434194
0.8859440988145,1.5360473639901757,0.5378603652770028,0.9659192909505365,0.7718724424566238,1.1515203290362837,0.9831821495344228
1.3778465896518763,0.9141725639667625,-0.7516107688496867,0.7728027120846792,-0.16055620032911566,0.3871805575688781,0.4465106705309169
1.2098376403165751,1.063643955070313,1.3110789985612479,-1.1770517777544605,1.2542092464225782,0.5570338401171905,-0.35849654797434194
-0.14462626051028493,-0.02509827642468381,-1.5920002331424208,0.3741104202325867,-0.15421985346633127,0.3022539162947219,-0.8951680269778478
1.6030132227816611,1.047036022725474,1.0168730789800258,-1.3763979236805068,-0.09669990472305512,-0.5470124964468399,-0.09016080847258898
0.976010752066414,-1.1673549565863837,-0.010701421292322585,-0.7347525164810454,-0.6107888468569626,-1.056572344091777,-0.6268322874760949
-1.3154927527851665,-0.21885748711447134,0.28127127117851375,-0.6413090105782112,1.0841135350838327,1.4912268941329085,-0.6268322874760949
0.7283274556236505,1.4400904215533286,-1.2826547739297516,-1.5445962343056083,-0.27207590511412105,1.321373611584596,-1.7001752454831067
1.5475875900112526,0.2775351574146034,-0.31819069173791775,-0.16163234694366252,-1.24125535970401,-0.12237929007605897,-0.09016080847258898
0.3490082813511666,1.408719882679744,-1.4576295681759575,-1.2704952836572947,0.6230386950352215,0.047473992472253396,-1.7001752454831067
-0.35074033237524194,1.7224252714155905,0.3413943854620186,-0.7347525164810454,0.29791369712035093,-0.8017924202693084,-0.35849654797434194
1.5787645084446074,-0.1745696675282342,-0.6426756905820339,0.0003363966212500387,-0.22434209208114525,-0.4620858551726837,-0.8951680269778478
-1.5268029777223493,0.7739278019436782,1.3957676110589972,0.7105070414827898,-0.15928893095655877,-1.6510588330108702,0.4465106705309169
-0.5741749144809516,-0.14504445447074277,0.6325839982967456,-1.6442693072686314,0.6722509890028469,-0.7168657789951522,-0.35849654797434194
0.8183941088755645,-0.30189714883866603,0.5940970843294465,1.4206776863443293,0.3564192998200602,-1.6510588330108702,0.9831821495344228
-0.9292453744163817,-1.0123475880345536,1.608823277979705,1.3085454792609283,0.8422762964875615,1.0665936877621276,1.5198536285379287
1.731184998563231,-0.7595379512297833,1.5185660991807337,0.2432895119686189,-0.551508801762913,-0.5470124964468399,0.7148464100326699
-0.9967953643553171,-1.1599736533220109,-0.382432224848368,1.3770707169230068,-0.4356944618820204,1.4063002528587523,1.5198536285379287
0.12037754617323118,0.6539816238976192,0.4375971689055235,0.5921452673391998,-0.8835333773728153,-0.12237929007605897,0.7148464100326699
-0.06841601545097312,0.11699181141449372,-1.0262106945786902,1.4206776863443293,-1.2380871862726177,-1.7359854742850265,0.7148464100326699
-0.007794229608338709,0.3624201449548913,0.9212213515767459,1.3396933145618732,-1.1850730841873216,-1.3962789091884016,1.5198536285379287
-1.3986312019407794,-1.187653540563409,-1.4927811429524207,0.23083037784824098,-1.3184179837219179,-0.4620858551726837,-0.35849654797434194
0.9673504969460376,0.5635606589090517,-1.5829803158524207,1.1652654368765827,0.3312851239310154,-0.12237929007605897,0.17817493102916399
1.665367059648371,0.2037221247708748,0.7566006102968743,-0.38589676111046456,1.1746528913676186,-0.6319391377209961,-0.35849654797434194
-1.3691863345314998,-1.2540852699427647,-0.8908249263802335,1.2898567780803616,-0.36761393503410356,-1.566132191736714,0.4465106705309169
0.6867582310458441,-0.6469730764480972,1.1816098320578394,-0.02458187161950574,1.1725407757466906,1.4063002528587523,-0.35849654797434194
1.4557888857352634,-0.44398723667784357,-0.6570901564763426,-0.01212273749912785,-1.0551779735002416,-1.3962789091884016,-1.1635037664796009
1.07993381351093,0.9566150577369064,-1.4538591847428386,0.23083037784824098,1.5170972373740998,0.3871805575688781,-0.8951680269778478
0.08054037261949999,0.011808239897180483,1.4942906304613446,0.34919215199183096,1.0740457839574087,-0.3771592138985275,0.4465106705309169
-0.8876761498385752,0.6299923882884074,-0.8722340357600084,-1.451152728402774,-0.903105648793416,0.811813763939659,-0.6268322874760949
-0.18792753611216664,1.3791946696222526,1.5367219455586758,-1.127215241272949,0.45716721493833207,0.13240063374640956,-0.09016080847258898
-0.5776390165291021,1.5840258352085994,-1.3732309851730635,1.4518255216452742,-0.3816243019862602,0.3871805575688781,0.4465106705309169
0.22083650556959677,-0.6746529636894953,-0.3121580782449274,0.8662462179875133,0.6628872764167322,-1.7359854742850265,-0.35849654797434194
0.19831984225661828,0.1520530019202648,-0.7004785689066964,1.470514222825841,1.1741600643894021,0.6419604813913466,0.9831821495344228
-1.1128427829683603,0.9215538672311353,-0.03355574548692068,-0.9340986624070917,-1.578278608950109,1.6610801766812209,-0.09016080847258898
-0.9517620377293602,0.18157821497775622,0.6593537206718904,-0.9839351988886033,0.417670652826976,-1.1414989853659332,-0.6268322874760949
-1.2773876302555107,1.692900058358099,1.4136624308915695,0.9410010227097807,0.5148279713896701,0.811813763939659,1.2515178890361758
-0.023382688825016127,0.5967765235987296,-0.37027998901393067,0.9347714556495917,-0.14323685223750499,0.9816670464879713,0.7148464100326699
-1.7294529475391558,-0.8813294550919354,-1.1388581503804909,1.3770707169230068,-0.11901792645086239,0.047473992472253396,0.7148464100326699
0.196587791232543,-0.056468815298268464,-0.34994892142457373,0.7354253097235455,-0.6338109071250791,0.4721071988430343,0.9831821495344228
0.91885306827193,-0.7853725126550882,-0.4066206847193005,1.4518255216452742,-1.5406125470435572,-1.056572344091777,1.7881893680396816
0.33341982213448923,-0.9366892295747319,-0.9607510375898477,-1.6131214719676867,1.6219285760261661,-0.9716457028176207,-1.4318395059813538
0.5429979960475968,-0.8481135904022575,0.7904760552959741,0.44886522495485404,1.16423312097104,0.3871805575688781,0.4465106705309169
1.2306222526054784,-0.9772863975287825,-0.7422718191153459,-1.4823005637037188,1.1374796564392835,-1.3962789091884016,-1.7001752454831067
0.6711697718291666,-0.4772031013675214,0.9107512868124694,-1.0836082718516264,1.212670972544325,-1.2264256266400893,-0.6268322874760949
0.6365287513476613,1.5434286672545487,0.8412892227946237,0.5796861332188219,0.018058377347373394,0.5570338401171905,0.7148464100326699
-0.06321986237874731,-1.1802722372990362,0.7063094958889643,0.7291957426633565,1.1478994268358622,-0.4620858551726837,0.9831821495344228
0.7664325781533065,0.7757731277597714,-1.4857624291769223,-0.7036046811801007,-1.3706576434128737,0.6419604813913466,-1.1635037664796009
1.6411183453113172,1.3625867372774136,0.5584234564622439,0.2183712437278631,-0.7922899825487201,0.3022539162947219,0.7148464100326699
-1.440200426518586,-1.624995758977501,0.656656446369736,-1.569514502546364,1.3255987544099492,0.3871805575688781,-0.35849654797434194
0.10305703593247849,0.102229204885748,-1.106606870552581,-0.2426167187261188,1.089534631844215,0.13240063374640956,-1.1635037664796009
-1.0054556194756934,-0.46797647228705536,0.2733244630194784,-1.457382295462963,-0.2860158682122467,0.6419604813913466,-0.09016080847258898
-0.4685198020123602,-0.1874869482408867,1.0145818459706688,-0.5914724740966997,-0.7849679817295024,-1.056572344091777,-0.35849654797434194
1.3397414671222203,-0.19117759987307315,-0.8265543903202978,1.3646115828026288,-0.3496609522562144,0.047473992472253396,0.9831821495344228
-0.0043301275601881715,0.6318377141045006,-1.136015861330909,0.8226392485661908,0.8600180677033579,0.21732727502056576,0.17817493102916399
-0.43734288357900536,1.1780541556680921,8.767591629478933e-05,0.7229661756031677,1.2347777827100395,0.21732727502056576,0.4465106705309169
-0.866891537549672,0.9049459348862964,-0.31471033779965407,-1.3078726860184284,1.2202745887796662,0.7268871226655028,-0.8951680269778478
-0.679830026949543,0.44915045831127237,-0.7309896717654745,0.23083037784824098,0.5615057266121818,-1.1414989853659332,-0.6268322874760949
1.4020953039889301,1.3939572761509982,0.6757693900807007,0.9659192909505365,0.9985024485822124,-0.9716457028176207,0.7148464100326699
0.4841082612290376,-1.3555781898278916,0.8588360072333696,-1.5009892648842857,1.4735172517289494,0.21732727502056576,-0.35849654797434194
-0.22603265864182256,-1.368495470540544,0.36004328198121477,0.5796861332188219,-1.4320498041278513,0.3871805575688781,0.9831821495344228
1.6619029576002204,-1.3131356960577476,-0.9223221295215197,-1.575744069606553,-1.4780939246640845,0.047473992472253396,-0.35849654797434194
-1.2358184056777042,0.6908881402194835,0.8453496357225979,-0.329830657568764,-0.6364158497242238,0.047473992472253396,-0.09016080847258898
0.9812069051386397,-0.0859940283557599,-0.5244306655295257,-0.8780325588653911,0.7810953473346767,-0.3771592138985275,-1.1635037664796009
-1.4488606816389622,0.4048626387250352,1.4468998110019877,-0.19278018224460725,1.005542833985306,-0.037452648801902785,-0.35849654797434194
-0.802805649658887,-0.9588331393678504,1.163540994528354,1.3272341804414953,0.3569121267982768,0.21732727502056576,1.7881893680396816
-1.4419324775426612,-0.39416343964332673,1.1927469646602833,0.21214167666767417,0.4019705933780769,-1.6510588330108702,-0.09016080847258898
-0.12037754617323118,1.1226943811852956,-1.5445514077840927,-1.23934744835635,-1.3386942936828279,-0.037452648801902785,-1.1635037664796009
-1.5839606615168333,0.506355558610162,-0.8864744839574039,0.16853470724635156,0.3819758988332906,0.9816670464879713,-0.35849654797434194
-1.499090161337145,1.220496649438236,1.3668806733714087,-0.2550758528464967,0.19786982054238839,0.047473992472253396,-0.09016080847258898
-0.2901185465326075,0.90125528325411,-1.6351566219768903,0.679359206181845,-1.007162545051142,0.811813763939659,-0.09016080847258898
1.1370914973054138,-0.4181526752525385,1.303161193351698,-1.3265613871989952,0.994489428902449,1.23644697031044,-0.35849654797434194
0.5724428634568763,0.5137368618745348,-0.5579870780842846,0.12492773782502893,1.058838551486726,-0.12237929007605897,-0.35849654797434194
0.14982241358251075,1.3755040179900662,-0.23216794356383408,0.5236200296771214,0.8551602017752231,0.21732727502056576,-0.09016080847258898
-0.7664325781533065,-1.5087402325636283,-0.7393715241667929,-1.5445962343056083,1.098475921306144,-0.2922325726243713,-1.1635037664796009
-0.7733607822496075,-0.10444728651669204,-1.5055714436755396,-0.7970481870829349,0.9015563415816111,0.3871805575688781,-1.7001752454831067
0.9049966600793279,-0.5048829886089197,-0.9551534683391403,0.9659192909505365,0.3816942834171668,0.047473992472253396,0.17817493102916399
-0.6399928533958118,0.32735895444912017,1.7140749816626952,-1.1895109118748384,-0.45597077184293044,0.6419604813913466,-0.09016080847258898
0.05455960725837097,-0.7337033898044782,0.3989362372413113,-0.9839351988886033,-0.11880671488876958,0.5570338401171905,-0.09016080847258898
0.6884902820699194,-1.5456467488854928,1.5743097680919234,-1.3577092224999399,-1.6759991583450506,-0.6319391377209961,0.17817493102916399
-0.9101928131515538,-0.5823866728848346,0.9719475102269389,-1.6629580084491982,0.5834717290698344,0.5570338401171905,-0.35849654797434194
-0.4009698120734247,-1.445999154816459,-0.5609453789318087,1.0718219309737484,-1.6249563641726208,0.7268871226655028,1.5198536285379287
1.2843158343518117,-0.1265911963098106,-0.9488888312502657,0.13738687194540683,-1.1800040066970943,0.3871805575688781,0.17817493102916399
-0.5724428634568763,-1.3924847061497558,0.734442356889929,-1.1459039424535158,0.30354600544282595,-1.2264256266400893,-0.6268322874760949
0.1844634340640161,-0.8499589162183507,0.14063596912317597,-0.2986828222678193,-0.17470737498933414,-0.8867190615434646,-0.35849654797434194
0.4754480061086613,0.729639982357441,-0.2531950819408437,-0.7659003517819901,-0.6212790211075723,-1.2264256266400893,-0.6268322874760949
-0.9846710071867902,-1.0529447559886045,1.6059229830311519,1.2524793757192278,0.8895876863963517,1.4063002528587523,1.5198536285379287
1.4886978551926935,-0.08045805090748025,1.7194405273175184,-0.7472116506014234,0.3176267762490135,-1.3962789091884016,-0.6268322874760949
0.4633236489401344,1.6541482162201415,0.6865874902388035,1.233790674538661,0.37366824405763993,-1.566132191736714,0.9831821495344228
1.1388235483294893,0.02288019479373977,-0.012876642503737379,1.24002024159885,0.966187079582012,1.23644697031044,0.9831821495344228
0.7976094965866612,1.4234824892084896,-1.2140627983964718,1.4892029240064077,-1.0153997959727616,-1.4812055504625579,0.4465106705309169
1.098986374775758,0.052405407851231205,-0.7502476302238668,-0.1304845116427178,1.5534960299080947,0.6419604813913466,-1.1635037664796009
0.11691344412508065,0.5303447942193739,-1.2263890519278222,-1.3763979236805068,1.1994350479865088,0.047473992472253396,-1.7001752454831067
-1.3553299263388978,-0.6857249185860547,-0.8196516883427415,0.4177173896539093,-1.3353853125433737,1.4063002528587523,0.17817493102916399
1.440200426518586,-1.6969634658051362,1.074878977951087,0.26820778020937464,0.8674104723766063,0.3022539162947219,0.4465106705309169
-0.608815934962457,-0.4384512592295639,0.376835989733337,0.5983748343993888,-1.6273500952096727,0.21732727502056576,1.5198536285379287
1.6064773248298116,-0.2668359583328949,0.29171233299330473,-0.7222933823606675,-1.35538000708816,-0.20730593135021513,0.17817493102916399
-1.4315401713982097,-0.36648355240192854,-0.7583684560798153,0.6918183403022229,-0.9996997365238626,-0.8867190615434646,0.7148464100326699
0.6902223330939946,-0.3295770360800642,1.0825647595647525,0.9098531874088359,-0.030590685788004585,-0.4620858551726837,1.2515178890361758
0.3645967405678441,1.7205799455994972,0.46509196501780653,0.26197821314918573,0.45259096442632113,-0.7168657789951522,0.4465106705309169
1.5943529676612849,-0.8628761969310033,-0.1285114021025478,1.4954324910665968,0.7222377253648127,0.4721071988430343,1.2515178890361758
1.1544120075461666,0.6761255336907378,1.6558660620452355,1.35838201574244,0.0013022600880102124,1.23644697031044,1.7881893680396816
0.7040787412865968,1.4308637924728627,0.4610895579888033,0.03148423192219476,0.3616995888723805,0.9816670464879713,-0.35849654797434194
-0.3022429037011344,0.7683918244953984,-0.23886762489499164,0.5173904626169324,-1.588416763930564,0.4721071988430343,0.7148464100326699
-0.08746857671580108,1.5046768251165912,-0.38106908622254804,-1.0773787047914374,1.5861634181784496,0.047473992472253396,-0.8951680269778478
-1.3293491609777688,-0.7964444675516476,-0.9234532445514554,1.2836272110201727,0.3583906077329264,1.5761535354070646,0.7148464100326699
-1.370918385555575,0.19265016987431552,-1.2313195533403625,1.6574012346315092,0.24144980618753886,-1.1414989853659332,0.17817493102916399
-0.9534940887534354,1.0894785164956178,0.1797609479791567,1.2088724062979053,-1.4216300337312724,-1.1414989853659332,1.5198536285379287
0.07707627057134946,-0.44583256249393677,0.11891275995851357,1.0282149615524259,-1.7042311038114566,1.5761535354070646,1.2515178890361758
0.151554464606586,0.20741277640306124,-1.4116018873424205,1.6449421005111315,0.7989075224045039,0.9816670464879713,0.4465106705309169
0.09266472978802688,1.6781374518293533,1.115889148523627,0.673129639121656,-0.5410890313663341,-1.6510588330108702,0.4465106705309169
-1.426344018325984,0.5857045687021702,-1.578078817389366,-0.8593438576848244,-1.506889100962738,0.13240063374640956,-1.1635037664796009
1.1215030380887365,0.5617153330929584,1.5162748661713767,-0.5478655046753771,-1.0892534388512154,-1.3962789091884016,-0.35849654797434194
1.478305549048242,0.3827187289319166,-1.3403706434059575,-1.444923161342585,-0.25531978785475784,-0.12237929007605897,-1.7001752454831067
1.6549747535039192,-1.5862439168395435,-1.1761559434188833,0.11246860370465105,-0.0643845357228547,-1.4812055504625579,-0.8951680269778478
-0.589763373697629,0.9233991930472285,0.6280305352275173,1.0967401992145043,0.07255096036731921,0.047473992472253396,1.7881893680396816
0.07188011749912365,-0.2686812841489882,-1.1490091827004267,-1.2081996130554051,0.27538446383045084,1.4912268941329085,-1.1635037664796009
-1.1873209770035966,-1.2670025506554172,1.2538851821757817,1.134117601575638,1.069047110321212,0.5570338401171905,1.5198536285379287
-0.22776470966589785,-1.4330818741038067,0.8296590400509259,0.04394336604257265,1.2390724178059267,-1.4812055504625579,-0.09016080847258898
0.45985954689198383,0.3181323253686541,-0.15235182657965393,1.0842810650941264,-1.5508915097320741,-1.056572344091777,1.5198536285379287
1.053953048149801,-0.8204337031608593,0.5100465367203789,-0.7285229494208565,1.4217704190162102,0.6419604813913466,-0.6268322874760949
-0.45466339381975807,0.1520530019202648,-1.5156934730459897,0.29312604845013046,1.2856093653203766,-0.2922325726243713,-0.8951680269778478
-1.3172248038092418,-0.8075164224482069,-0.29449528200823927,-0.9590169306478474,-0.5036341810218753,-0.3771592138985275,-0.35849654797434194
-1.0297043338127472,-0.91269999396552,-0.3064735001457634,-1.23934744835635,0.37430187874391835,-0.8017924202693084,-0.6268322874760949
-0.1740711279195645,-1.01603823966674,0.5080743361553629,0.14361643900559576,-0.32748373823646904,-0.8867190615434646,0.7148464100326699
1.4505927326630375,1.6947453841741922,0.022100914575812498,-0.42950373053178714,-1.0706668213870478,-0.4620858551726837,-0.35849654797434194
-1.6497786004316934,1.305381636978524,0.25424052225799926,-0.8842621259255801,1.112063865134115,-1.3113522679142455,-1.1635037664796009
-0.4096300671938011,-0.9606784651839436,-0.8014378360658282,-1.23934744835635,-1.1331854437665205,-0.037452648801902785,-0.6268322874760949
-0.16194677075103764,-1.3223623251382137,0.34588984263227585,-0.5478655046753771,-1.1160773072370027,0.5570338401171905,0.17817493102916399
1.331081212001844,1.467770308794727,1.5150567422929846,0.34919215199183096,1.5613812615595597,-0.5470124964468399,0.4465106705309169
1.5527837430834783,1.4880688927717522,-1.7135515944362794,0.04394336604257265,-1.13388948230683,1.6610801766812209,-0.6268322874760949
-0.0580237093065215,0.19449549569040875,0.8289049633643021,-0.7285229494208565,-0.9215514585495217,1.5761535354070646,-0.09016080847258898
0.3680608426159946,0.7333306339896274,0.9826205956376142,-1.4200048931018294,1.2482249188299486,1.321373611584596,-0.35849654797434194
-0.9344415274886074,1.1872807847485582,-1.3217217468867613,0.13738687194540683,1.2503370344508766,-0.12237929007605897,-0.8951680269778478
-0.7300595066477258,-0.4864297304479875,0.8343285149180963,0.9410010227097807,0.522854010749197,0.7268871226655028,0.9831821495344228
0.32129546496596234,-0.6986421992987072,1.6063000213744636,0.8350983826865687,-1.1081216717315068,0.21732727502056576,1.5198536285379287
-1.4557888857352634,1.6098603966339045,0.2840845572786102,-1.0898378389118153,-1.4779531169560227,-0.20730593135021513,0.17817493102916399
1.3033683956166398,0.7167227016447885,1.0972692549539165,0.2868964813899415,-0.8355883527777467,-0.8867190615434646,0.7148464100326699
0.769896680201457,1.3681227147256934,-0.7428518781050565,-0.33606022462895296,0.9801270426801376,0.13240063374640956,-1.1635037664796009
-0.7525761699607043,-0.05831414111436167,1.1646141036593185,-1.0213126012497369,0.27686294476510054,-1.056572344091777,-0.35849654797434194
0.7525761699607043,-1.5419560972533062,0.6794237617158775,-0.4668811328929208,-0.038757532855593364,1.23644697031044,-0.09016080847258898
-0.4269505774345537,-0.20778553221791207,-0.4640175217511655,-0.890491692985769,-1.2653334777825906,0.3871805575688781,-0.35849654797434194
1.698276029105801,-0.6100665601262328,-1.3331199060345749,1.5390394604879194,0.14056108336120507,0.9816670464879713,0.4465106705309169
-1.5475875900112526,1.2906190304497782,-0.6414575667036416,1.5764168628490531,-1.0665129939992226,-0.037452648801902785,1.5198536285379287
-0.6659736187569408,-1.5216575132762808,-0.10443895402955741,1.5390394604879194,0.7447669586547128,0.8967404052138152,1.2515178890361758
-0.6919543841180699,-0.17826031916042062,-1.1559408876274684,0.9472305897699697,0.9817463313228492,-0.12237929007605897,0.17817493102916399
0.750844118936629,0.20925810221915445,-0.03236662455801392,-0.2550758528464967,1.6170707100980315,-1.4812055504625579,-1.4318395059813538
-1.2011773851961989,-0.8278150064252322,-1.744845776931167,-1.5072188319444746,0.9303515178802647,-1.1414989853659332,-1.9685109849848597
-0.2398890668344247,1.3607414114613203,0.9878411265450097,1.4892029240064077,1.1098813456591559,0.811813763939659,1.7881893680396816
0.7924133435144355,0.08377594672481585,1.5723375675269073,0.3616512861122088,1.3440445641660548,0.811813763939659,0.4465106705309169
-0.6573133636365645,-1.7006541174373226,0.9786471915580964,1.3770707169230068,-0.8243237361327967,-0.4620858551726837,1.7881893680396816
-0.7006146392384462,-0.5786960212526482,-0.7559322083230308,1.4082185522239516,-0.24863142172181876,0.811813763939659,1.2515178890361758
1.5319991307945753,-0.5860773245170211,0.14576949118211488,0.7105070414827898,0.10894975290131402,0.13240063374640956,0.7148464100326699
1.033168435860898,1.2610938173922868,1.139381537606907,0.49870176143636563,0.32966583528830384,-0.3771592138985275,0.7148464100326699
-1.027972282788672,0.9473884286564404,-1.0780389653093334,-0.8344255894440685,-1.20746150976916,1.5761535354070646,-0.6268322874760949
-0.9465658846571343,-0.421843326884725,0.1727422342036583,-1.0711491377312485,0.19554649335936744,0.047473992472253396,-0.6268322874760949
-1.4575209367593387,0.21110342803524768,1.7121317840471648,0.8849349191680802,1.3009574054991209,0.811813763939659,0.9831821495344228
-0.9621543438738118,-0.6156025375745126,-1.3526678939878225,-1.139674375393327,1.2982820590459454,1.321373611584596,-1.7001752454831067
0.8980684559830269,-1.0695526883334434,1.5520645058365214,-1.47607099664353,0.120284773400295,0.8967404052138152,-0.09016080847258898
0.9257812723682312,-0.014026321528124523,0.6198807064220833,0.19345297548710733,0.9090895539629215,1.4912268941329085,0.4465106705309169
1.7086683352502525,1.0082841805875165,-0.6226636554370177,1.5078916251869747,0.4480147139143102,-0.2922325726243713,0.9831821495344228
-1.3085645486888655,1.7131986423351244,1.4424043538317304,-1.6193510390278756,1.6872633525668763,0.047473992472253396,-0.35849654797434194
0.2953146996048333,0.15020767610417157,0.6717669830516975,0.8787053521078912,0.26193732771054173,0.9816670464879713,0.9831821495344228
-0.42521852641047847,1.1651368749554396,0.17268422830468724,-0.12425494458252885,-1.6799417741707832,-0.3771592138985275,-0.09016080847258898
-0.2416211178585,-0.5528614598273432,0.5577853915735622,-1.6380397402084423,-0.5046198349783084,0.21732727502056576,-0.09016080847258898
-1.5856927125409086,-0.9957396556897148,-1.0010361344252496,0.2744373472695636,1.4735172517289494,-1.1414989853659332,-0.6268322874760949
1.473109395976016,-1.0474087785403248,-1.176184946368369,1.3396933145618732,-1.0046280063060282,0.7268871226655028,1.2515178890361758
0.37152494466414515,1.323834895139456,-0.3357664791261493,-0.1304845116427178,1.427613938900778,1.4912268941329085,-0.8951680269778478
-1.5337311818186505,-1.4386178515520862,1.1414697499698652,-0.9963943330089812,-1.4264878996594073,1.23644697031044,0.17817493102916399
-1.1076466298961343,1.5655725770476672,-1.1430635780558929,1.1091993333348822,-1.1751461407689594,-0.6319391377209961,1.2515178890361758
0.06495191340282258,1.2869283788175918,0.29324948931603784,-0.8655734247450133,0.6566917372620097,0.4721071988430343,-0.35849654797434194
-1.4956260592889945,-0.7226314349079189,1.2027529822327911,-0.08687754222139518,-1.6975427376785175,-0.6319391377209961,0.17817493102916399
-1.6151375799501881,0.22402070874790017,0.2589390000746552,1.3023159122007395,-1.5650426843922927,-0.20730593135021513,1.7881893680396816
1.0019915174275429,-1.5179668616440944,-1.7550258122005882,1.1528063027562048,0.030308647948756564,0.3022539162947219,0.17817493102916399
1.6359221922390914,-0.3609475749536489,0.5196755159495751,-0.9527873635876585,-0.8879688201767644,1.1515203290362837,-0.09016080847258898
-1.234086354653629,0.5746326138056109,-0.5249237156707797,1.246249808659039,1.3960730122949179,1.1515203290362837,0.7148464100326699
-0.4182903223141774,0.8422048571391271,0.10023486048983188,-0.5042585352540545,1.6338268273573946,-1.1414989853659332,-1.1635037664796009
0.5378018429753709,-1.1636643049541973,-1.6831565033754434,-1.4947596978240967,0.34839326046053326,1.4912268941329085,-1.7001752454831067
1.3345453140499945,1.2131153461738633,-1.331930785105668,-0.3236010905085751,-1.4509884408621736,-1.056572344091777,-1.4318395059813538
-0.7595043740570053,-1.6120784782648485,-0.3773277057389146,-0.1990097493047962,-0.31910567960678743,-0.9716457028176207,-0.8951680269778478
0.7889492414662849,-0.43476060759737745,1.5832426765334668,1.4518255216452742,-1.4951316573395714,0.13240063374640956,2.3248608470431877
0.5776390165291021,-0.8370416355056983,1.4043814870562,-0.7596707847218012,-0.3277653536525928,0.3022539162947219,-0.09016080847258898
-0.049363454186145156,1.5692632286798536,1.3097448628849135,-0.7908186200227459,0.4249222497921626,-1.4812055504625579,-0.6268322874760949
1.5839606615168333,1.1300756844496687,-0.5881791484987219,-0.41081502935122033,-0.18759128027699576,-1.3113522679142455,-1.1635037664796009
1.2184978954369516,0.36795612240317094,-0.8469144608591402,-1.457382295462963,-1.37565631704907,-0.7168657789951522,-0.35849654797434194
0.312635209845586,1.1190037295531092,-1.5369816379683692,0.4114878225937204,-0.31255812118191023,-1.7359854742850265,-1.7001752454831067
-1.0141158745960699,0.8883380025414574,-0.8415199122548315,0.8226392485661908,-0.6071982503013847,1.23644697031044,0.4465106705309169
-0.750844118936629,-0.5178002693215721,1.5805454022313126,1.5639577287286752,0.5829789020916178,0.7268871226655028,2.0565251075414346
1.7017401311539515,0.8828020250931778,0.3996033050794785,0.2868964813899415,0.1984330513746359,-1.566132191736714,-0.09016080847258898
-1.0071876704997689,-1.6711289043798312,-1.4578035858728708,0.9534601568301586,-0.3494497406941216,-0.9716457028176207,-0.6268322874760949
-0.8720876906218978,1.0433453710932874,-1.431584919537951,0.44263565789466514,-0.5241217025448781,0.8967404052138152,-0.8951680269778478
0.4460031386993817,-0.3886274621950471,1.025138919583402,-0.6288498764578334,-1.0656681477508512,1.1515203290362837,0.17817493102916399
1.5060183654334462,0.008117588264994053,0.09028684881629488,-1.4013161919212624,-1.6819834859376803,0.4721071988430343,-0.09016080847258898
0.4667877509882849,0.351348190058332,1.3448964376613766,1.1964132721775274,0.010525164966063056,-1.4812055504625579,1.2515178890361758
0.5066249245420161,-0.800135119183834,-1.4940862756792694,-1.6691875755093872,0.7442037278224652,1.23644697031044,-1.7001752454831067
-1.6878837229613495,-1.6914274883568567,1.1342190125984826,-0.566554205855944,-1.217670068603646,-1.2264256266400893,-0.09016080847258898
-0.9448338336330591,-0.24100139690758993,0.26787190851619863,0.8226392485661908,-1.3468611407504165,0.21732727502056576,1.2515178890361758
-0.014722433704639784,1.46961563461082,1.1541150359455565,-1.1957404789350274,1.3049000213248534,-1.566132191736714,-0.8951680269778478
-0.38711340388082255,-0.5104189660571993,-1.2791164140925169,-1.1832813448146495,0.5948771534228463,0.5570338401171905,-1.7001752454831067
-0.6053518329143064,0.18342354079384945,-1.2691103965200088,-0.36097849286970873,1.4827401566070022,1.321373611584596,-1.7001752454831067
-1.4904299062167687,0.8182156215299153,0.7508290233492538,-1.5009892648842857,-0.8838853966429701,-0.037452648801902785,-0.09016080847258898
-0.9084607621274784,-0.8185883773447661,0.049595710688095485,-0.672456845879156,0.8906437442068158,-0.4620858551726837,-0.8951680269778478
1.234086354653629,0.5211181651389077,0.33286751831327266,-1.2081996130554051,0.5991717885187335,0.13240063374640956,-0.35849654797434194
-0.3005108526770591,-1.4662977387934846,-1.129461194747179,0.3741104202325867,-1.5747584162485622,1.6610801766812209,0.4465106705309169
1.717328590370629,-1.6748195560120178,-0.7495805623856996,1.0469036627329928,-0.8544565856580381,1.4063002528587523,1.2515178890361758
-1.525070926698274,-0.482739078815801,0.24875896480523396,0.0003363966212500387,-0.9998405442319245,0.3022539162947219,-0.35849654797434194
0.4130941692419516,-0.0989113090684124,1.5593442461573896,-1.675417142569576,-0.28911363778960797,0.6419604813913466,-0.09016080847258898
-0.7976094965866612,1.2186513236221428,0.5487654742835623,1.5577281616684862,0.17125716371869393,-1.2264256266400893,1.5198536285379287
-0.4910364653253387,-0.07676739927529382,-0.14863944904550602,0.14984600606578471,0.19786982054238839,0.3022539162947219,0.17817493102916399
0.7404518127921774,-0.002954366631565235,-0.9520501527441886,0.7167366085429787,-0.9293662863469558,-1.056572344091777,0.4465106705309169
-0.795877445562586,1.1393023135301346,0.29293045687169705,0.19968254254729628,0.5227836068951661,-1.3962789091884016,-0.09016080847258898
1.56317604922793,1.657838867852328,1.1139459509080967,1.2088724062979053,-1.2178812801657386,-1.056572344091777,1.7881893680396816
1.5908888656131344,-1.5198121874601878,1.0176271556666496,1.0967401992145043,-0.16696295104593098,0.5570338401171905,1.7881893680396816
1.2877799363999622,1.5526552963350146,0.8653326679181285,-0.42950373053178714,0.4987054888165854,-0.037452648801902785,-0.35849654797434194
-0.4234864753864032,-0.9791317233448757,-0.9925092672765037,0.36788085317239777,0.023690685669848416,-0.2922325726243713,-0.35849654797434194
-0.29358264858075805,0.2277113603800866,0.9530665901118585,-0.560324638795755,1.4339502857635624,1.23644697031044,-0.35849654797434194
0.8409107721885429,1.1559102458749735,-0.5721985233321946,-1.2704952836572947,0.17632624120892143,0.8967404052138152,-0.8951680269778478
-0.6469210574921128,-0.3351130135283439,-0.24043378416721028,0.6980479073624118,-1.370164816434657,0.6419604813913466,1.2515178890361758
0.035507045993543006,1.2758564239210326,0.7962186392941092,1.7134673381732097,1.0284240865453609,1.6610801766812209,1.7881893680396816
-1.4298081203741344,-0.9459158586551979,0.7132992067149773,0.8413279497467576,-0.18146614497630417,0.5570338401171905,1.2515178890361758
-1.3206889058573925,1.1817448073002785,-0.3376516708427088,1.246249808659039,1.4240233423452,1.4063002528587523,0.9831821495344228
-1.2756555792314355,-0.9385345553908251,-0.09176466510438056,-1.1645926436340825,-1.1759205831632997,-0.9716457028176207,-0.35849654797434194
-0.5239454347827688,-1.6231504331614077,1.6626817551743351,1.0842810650941264,1.619816460405238,0.6419604813913466,1.5198536285379287
-0.6382608023717365,0.4011719870928488,0.2103590596863915,-0.6599977117587781,1.7051459314907345,-0.4620858551726837,-0.8951680269778478
0.22776470966589785,-0.030634253872963455,-0.040864488757274386,0.8724757850477023,1.1942251627882192,-0.8017924202693084,0.4465106705309169
0.5308736388790699,1.0617986292542196,-1.2971852516220024,0.7728027120846792,-1.6909247753996093,-0.6319391377209961,0.4465106705309169
0.9431017826089838,0.04133345295467192,-0.8147791928291723,-0.5167176693744324,-0.023691108092972687,-0.037452648801902785,-0.8951680269778478
-1.3102965997129408,0.9067912607023896,-0.9030061651641563,0.7665731450244903,1.1091069032648155,0.3871805575688781,0.17817493102916399
-0.5100890265901666,0.6281470624723142,-1.5137792783799449,0.18722340842691837,1.1237509049032506,1.4063002528587523,-0.8951680269778478
-1.1803927729072956,-1.3297436284025865,-0.4719643299102009,-0.8095073212033128,0.6454975244710905,0.3022539162947219,-1.1635037664796009
-1.1734645688109946,1.0857878648634314,-1.6772108987309096,-0.6039316082170776,0.8488942587664697,-0.8867190615434646,-1.7001752454831067
-1.1648043136906183,0.7314853081735342,0.47924540436674545,1.3833002839831958,-1.0815090149078124,-0.7168657789951522,2.0565251075414346
1.5718363043483063,0.5026649069779756,0.34852911103545914,0.9410010227097807,1.5651126658231993,0.6419604813913466,0.7148464100326699
-1.3657222324833493,-1.6563662978510856,-0.8824140710294296,1.7196969052333988,-0.379512186365332,-0.8867190615434646,1.2515178890361758
0.2502813729788763,-1.2596212473910444,0.479767457457485,-0.9839351988886033,-0.47540223555546923,1.1515203290362837,-0.09016080847258898
-0.48757236327718817,0.6650535787941785,-0.9200308965121627,-0.31737152344838615,0.2501798840873751,-1.2264256266400893,-1.4318395059813538
0.47718005713273653,1.133766336081855,-1.7298512520471476,1.0905106321543154,-1.1697954478626083,-0.4620858551726837,0.4465106705309169
0.8790158947181989,-0.17087901589604776,-1.4872995854996554,-0.39212632817065346,-0.7565952285550346,-1.4812055504625579,-1.9685109849848597
0.18792753611216664,1.6301589806109298,0.9336636169060385,0.15607557312597364,-0.3764848206420017,1.321373611584596,0.7148464100326699
1.2427466097740054,-1.0455634527242315,0.6419229480310865,-1.332790954259184,-0.4318926537643497,-1.056572344091777,-0.35849654797434194
-1.3587940283870483,-0.19486825150525955,-1.5333852722321635,1.4144481192841405,-1.0554595889163654,1.321373611584596,0.7148464100326699
0.38711340388082255,-0.38678213637895387,-0.8868805252502013,0.8600166509273244,0.667604334636805,-0.2922325726243713,0.17817493102916399
1.344937620194446,-0.019562298976404168,-1.5009599747073403,-1.1147561071525711,1.6610731188673675,0.7268871226655028,-1.7001752454831067
0.6105479859865323,0.8772660476448981,1.6847529997328239,-0.36097849286970873,0.5711510546144203,-0.2922325726243713,-0.09016080847258898
-0.7196672005032742,0.15020767610417157,-1.637766887430588,0.48001306025579876,1.4378224977352638,-1.4812055504625579,-1.4318395059813538
0.4581274958679086,0.44730513249517917,1.5107062998701548,1.1029697662746933,0.3949302079749831,-1.7359854742850265,0.9831821495344228
-0.20524804635291935,-0.9938943298736215,-0.5010832911936736,-1.1147561071525711,1.308842637150586,0.21732727502056576,-1.1635037664796009
-0.46505569996420965,0.43254252596643344,-1.4878216385903948,0.23705994490842994,1.6382622701613436,-0.5470124964468399,-0.8951680269778478
-1.357061977362973,1.0747159099668722,0.19736573831687376,-0.2675349869668746,0.6852757019985704,0.6419604813913466,-0.6268322874760949
0.6729018228532418,-1.575171961942984,-0.852425021261391,-1.2580361495369168,-0.6550728710424224,0.3022539162947219,-0.8951680269778478
1.0903261196553817,0.24431929272492553,-0.6985643742406513,0.7291957426633565,-1.0971386705026804,-0.9716457028176207,0.4465106705309169
0.009526280632413979,1.1743635040359057,0.7859225922267458,-0.3485193587493309,1.1864807388448162,-0.9716457028176207,-0.6268322874760949
0.3732569956882204,0.428851874334247,0.08811162760488009,-0.8157368882635018,-1.1431827910389136,1.4063002528587523,-0.09016080847258898
-0.49796466942163975,-1.1359844177127991,-0.9427692089088188,-1.1708222106942716,-0.5664344188174717,1.23644697031044,-0.8951680269778478
0.7179351494791989,0.7277946565413478,0.2926984332758128,-0.3983558952308424,0.6774608742011363,1.4912268941329085,-0.35849654797434194
0.8686235885737472,0.7480932405183731,-1.254202880484446,1.4455959545850852,0.06903076766577232,-1.1414989853659332,0.17817493102916399
-1.6584388555520697,-1.324207650954307,0.9926266132101222,0.9721488580107254,-0.025451204443746128,1.1515203290362837,1.2515178890361758
0.8824799967663495,0.2701538541502305,1.5971640922865216,-0.03704100573988363,-0.7160426086332145,-1.566132191736714,-0.6268322874760949
1.5164106715778978,-1.3648048189083577,0.41361172968098975,0.9410010227097807,0.24292828712218856,0.3871805575688781,0.9831821495344228
-0.03897114804169355,-1.4238552450233406,0.4332757294321795,1.5514985946082973,-0.7739145766466453,-0.9716457028176207,1.7881893680396816
-0.3282236690622634,1.4806875895073794,0.039647699014558495,-1.339020521319373,-0.5834017476389277,-1.3113522679142455,-0.6268322874760949
-1.4280760693500592,1.4603890055303541,-0.8334280893483684,-0.9465577965274695,-1.6529770980769338,-1.056572344091777,-0.6268322874760949
-1.227158150557328,-0.9311532521264522,1.2255202975789328,0.0065659636814389835,1.6702960237454203,-1.1414989853659332,-0.6268322874760949
-1.639386294287242,-1.728334004678721,0.04080781699397972,-1.220658747175783,0.5777690168933285,0.7268871226655028,-0.6268322874760949
-1.589156814589059,1.4622343313464472,1.312500143086039,-1.0524604365506816,0.9365470570349872,-1.1414989853659332,-0.6268322874760949
-0.08054037261949999,-1.2282507085174599,-0.20974866361151895,0.7354253097235455,-1.0189903925283395,-0.8017924202693084,0.9831821495344228
1.2947081404962635,1.3718133663578798,-1.0333454201521308,0.9472305897699697,1.611931228753773,-0.037452648801902785,0.17817493102916399
-1.3778465896518763,-1.1581283275059175,-1.3986085659729028,-1.4137753260416404,0.13844896774027693,-1.3962789091884016,-2.236846724486613
1.3016363445925645,-0.18379629660870028,-1.388718560198337,1.2026428392377164,-1.6746614851184627,0.21732727502056576,0.9831821495344228
0.02165063780094086,1.176208829851999,0.7479287284007007,1.4393663875248963,-0.8097501383483926,1.1515203290362837,2.0565251075414346
-0.8980684559830269,-0.6635810087929361,-0.1185633904290108,0.49870176143636563,1.22280912752478,-1.7359854742850265,-0.8951680269778478
-1.466181191879715,-1.3481968865635188,-0.4103330622534484,-0.19278018224460725,0.22560893903057785,0.8967404052138152,-0.6268322874760949
1.6237978350705644,-1.4257005708394337,-0.14695727797534525,1.6075646981499978,0.19442003169487243,0.21732727502056576,1.5198536285379287
0.9275133233923064,-0.3738648556663014,-0.19440610333367325,-1.233117881296161,1.0195532009374628,1.321373611584596,-0.8951680269778478
0.5204813327346183,-0.6377464473676311,0.01818551639526587,0.7977209803254349,1.5216734878861107,-0.037452648801902785,0.4465106705309169
-0.7785569353218333,-1.1230671370001466,1.5266579220871968,-1.015083034189548,-0.9944194474715423,-1.2264256266400893,-0.09016080847258898
-0.10825318900470429,1.3016909853463376,1.01437882532427,1.1714950039367718,-0.28890242622751516,0.7268871226655028,1.7881893680396816
-1.2496748138703064,-0.19855890313744598,-1.5512510891152502,-0.33606022462895296,-0.19899670463000765,-0.9716457028176207,-1.9685109849848597
-0.8651594865255967,-0.3978540912755132,0.8025992881809259,-1.5134483990046634,0.1544306426052998,0.6419604813913466,-0.09016080847258898
0.2191044545455215,0.7038054209321359,0.726901590023691,-1.6318101731482535,-1.4269103227835929,-0.5470124964468399,0.17817493102916399
1.131895344233188,0.017344217345460128,0.6992617791639805,-1.569514502546364,-1.4139560136419003,-0.7168657789951522,0.17817493102916399
-0.17753522996771504,-1.3260529767704001,-1.3830629850486584,-1.3888570578008845,-0.9363362678960186,1.321373611584596,-1.4318395059813538
0.8322505170681667,1.3644320630935067,-1.5267725997494626,0.5485382979178772,-0.7207596668532873,-0.8017924202693084,-0.6268322874760949
-0.23122881171404838,-0.3996994170916064,-0.22662838021209775,0.9160827544690249,0.8293923911998999,0.811813763939659,0.4465106705309169
-0.7473800168884784,-0.3554115975053692,1.011101492032405,1.6449421005111315,-0.5618581683054608,1.6610801766812209,2.0565251075414346
0.21217625044922042,1.3182989176911766,-0.46732385799251597,0.4862426273159877,0.8984585720042498,0.9816670464879713,-0.35849654797434194
-0.7906812924903601,0.4233158968859674,1.2862524738016337,0.08132076840370632,-1.4411319012978423,0.811813763939659,0.9831821495344228
0.8876761498385752,0.3587294933227048,1.5184500873827915,-0.1740914810640404,-0.4816681785642227,1.1515203290362837,-0.09016080847258898
1.4419324775426612,0.14836235028807837,-1.3417917879307484,0.7665731450244903,-0.07438188299524787,-0.8017924202693084,-0.35849654797434194
0.17580317894363978,0.884647350909271,-0.8119369037795903,0.5360791637974993,0.9076814768823027,1.321373611584596,-0.35849654797434194
1.5926209166372096,1.3976479277831848,-1.0288499629818735,1.4206776863443293,-1.53631791194767,-1.3113522679142455,1.5198536285379287
0.2693339342437043,1.0119748322197029,-1.0340994968387545,-0.8780325588653911,-0.1392238325577415,-0.8017924202693084,-1.1635037664796009
1.2288902015814032,-1.2245600568852733,0.281503294774398,-1.0026239000691701,0.7168870324584614,0.21732727502056576,-0.35849654797434194
-0.4511992917716075,1.700281361622472,-0.05179860071331941,0.2183712437278631,-0.2229340150005265,-1.056572344091777,0.17817493102916399
0.7629684761051558,-1.615769129897035,-1.224300839564864,0.567226999098444,-0.6814039124499931,1.4063002528587523,-0.6268322874760949
-0.37498904671229566,-1.3186716735060273,-0.15342493571061855,0.7852618462050571,0.9069070344879624,-1.566132191736714,-0.09016080847258898
-0.5949595267698549,-0.49565635952845355,-1.059651095335507,1.458055088705463,-1.062499974319459,0.047473992472253396,1.5198536285379287
-0.9586902418256612,-0.3554115975053692,-0.6983033476952815,-1.1459039424535158,1.559691569062817,1.6610801766812209,-1.1635037664796009
-0.5655146593605752,-1.1728909340346634,0.001479817491600257,0.5236200296771214,-0.5272194721222394,-1.2264256266400893,0.17817493102916399
-1.6134055289261129,-1.3666501447244508,-0.8075574584072752,1.4331368204647073,0.03594095627123158,0.13240063374640956,0.9831821495344228
-1.4384683754945107,-1.058480733436884,1.5671460395689973,-1.4947596978240967,-0.3507170100666785,-1.6510588330108702,-0.8951680269778478
1.6047452738057364,1.1023957972082703,-1.4706228895454752,-1.233117881296161,0.8126362739405367,-1.3113522679142455,-1.9685109849848597
1.6913478250095,1.2223419752543294,-0.07262271844393037,1.0593627968533705,-0.9866046196741082,-1.4812055504625579,0.9831821495344228
-0.9257812723682312,-1.2670025506554172,1.3145013466005406,-0.19278018224460725,-1.2689240743381685,-1.4812055504625579,-0.35849654797434194
-0.042435250089844084,1.4050292310475576,1.5172029605549138,0.16853470724635156,1.3431293140636527,1.6610801766812209,0.4465106705309169
-1.105914578872059,-0.4015447429076996,1.4967558811676147,-1.1895109118748384,0.47357131292754057,-1.1414989853659332,-0.35849654797434194
-0.4304146794827043,-1.4183192675750609,0.3348687218277742,0.7603435779643013,-0.8583992014837706,0.21732727502056576,1.2515178890361758
-0.47025185303643546,0.9603057093690929,-1.3849771797147035,-0.2675349869668746,-0.472304465978108,1.321373611584596,-1.7001752454831067
0.9292453744163817,-0.36463822658583533,-1.5648824753734496,0.9285418885894028,1.0095558536650697,-0.5470124964468399,-0.35849654797434194
1.2115696913406504,0.9972122256909571,0.7219130827121798,-0.20523931636498513,0.48603279509101655,-0.12237929007605897,-0.35849654797434194
1.414219661157457,0.4509957841273656,0.2978319553347517,1.1528063027562048,-0.9138070346061186,-0.8867190615434646,1.7881893680396816
1.0452927930294247,-0.07123142182701418,1.4209421712124377,-0.4232741634715982,1.1825381230190837,-0.9716457028176207,-0.6268322874760949
-0.8374466701403924,0.4251612227020606,-1.7010803261575012,0.36788085317239777,-0.43703213510860817,1.0665936877621276,-0.8951680269778478
1.2756555792314355,0.8920286541736439,-1.4026399759513917,-0.7659003517819901,0.902823610954168,1.4063002528587523,-1.7001752454831067
1.5735683553723816,0.12068246304668015,1.1074782931728233,1.7072377711130209,-0.12486144633543023,0.4721071988430343,2.0565251075414346
0.5222133837586935,-0.6598903571607496,1.469116070307904,0.8600166509273244,-1.0477151649729621,1.5761535354070646,1.5198536285379287
0.6278684962272849,-0.8573402194827237,-0.858602649501809,1.3210046133813063,-0.47223406212407704,0.21732727502056576,0.9831821495344228
1.1128427829683603,-0.11920989304543776,-1.1249657375769218,-0.2550758528464967,-1.0913655544721435,-0.12237929007605897,-0.6268322874760949
-0.18965958713624192,-0.7004875251148004,-0.21221391431778905,-0.5104881023142435,0.3266384695649735,-0.6319391377209961,-0.6268322874760949
-0.2520134240029516,-0.22992944201103063,0.08895271313996048,-0.6973751141199118,-1.40867572458958,-0.12237929007605897,-0.09016080847258898
-0.286654444484457,-1.169200282402477,0.07268205847857782,-1.339020521319373,-0.5603092835167801,-1.566132191736714,-0.8951680269778478
1.485233753144543,-0.08783935417185311,-0.9446253976758927,1.5141211922471636,0.12007356183820218,1.6610801766812209,0.9831821495344228
0.5914954247217042,1.6596841936684212,1.5297612376821486,1.3147750463211174,0.9963903329612842,1.23644697031044,1.5198536285379287
-1.0643453542942527,1.4161011859441168,-0.23263199075560256,-0.672456845879156,0.9289434407996459,-0.6319391377209961,-0.8951680269778478
0.43734288357900536,-1.2873011346324426,1.6734128464839815,-1.5819736366667418,1.4362032090925523,-1.7359854742850265,-1.1635037664796009
-1.2167658444128764,-1.1396750693449855,-1.534284363666215,0.04394336604257265,0.2439843449326526,0.3022539162947219,-0.8951680269778478
-0.016454484728715052,-1.0049662847701808,-1.131317383514253,-1.0586900036108706,-1.6775480431337313,0.9816670464879713,-0.35849654797434194
-0.7265954045995753,-0.5620880889078093,-0.3165375236172425,1.3646115828026288,-1.4169129755111998,0.047473992472253396,1.7881893680396816
0.43214673050677954,-0.7687645803102493,-1.7489931987075977,-0.1740914810640404,-1.4495099599275238,1.4912268941329085,-1.1635037664796009
-0.5811031185772526,-0.29267051975819997,-0.2730040964394611,-0.05572970692045046,0.21983582300004095,0.3871805575688781,-0.6268322874760949
-1.56317604922793,1.5139034541970573,-0.7490295063454745,-0.2924532552076304,1.4552122496809055,1.1515203290362837,-1.1635037664796009
0.04416730111391935,1.6707561485649804,1.2234320852159746,-0.554095071735566,-0.3559268952649679,-1.2264256266400893,-0.35849654797434194
0.911924864175629,-0.34618496842490315,1.2274634951944632,-1.139674375393327,-0.685980162962004,0.13240063374640956,-0.09016080847258898
1.2704594261592097,-0.012180995712031309,-0.02749412904444479,0.16853470724635156,0.42837203863967854,-1.1414989853659332,-0.09016080847258898
1.2652632730869837,1.185435458932465,-0.6728097550975002,-0.9465577965274695,1.4293036313975205,0.3022539162947219,-1.1635037664796009
-0.26413778117147846,-1.0289555203793925,-0.14913249918676003,0.47378349319560986,0.17653745277101426,1.321373611584596,0.17817493102916399
1.646314498383543,0.6023125010470092,0.8908842664148809,0.4114878225937204,1.200139086526818,-0.8017924202693084,0.4465106705309169
-1.4938940082649192,0.6982694434838563,1.0198023768780644,-0.6973751141199118,0.5474249558059943,-1.3113522679142455,-0.6268322874760949
-0.31436726086966127,0.9381617995759742,1.2207348109138203,-1.681646709629765,-1.5373739697581341,1.1515203290362837,0.17817493102916399
-0.4390749346030806,-0.6063759084940464,0.35554782481095754,-0.4917994011336766,-1.6287581722902913,-1.7359854742850265,-0.6268322874760949
-0.8963364049589516,-0.27790791322945424,0.7588918433062313,0.7354253097235455,0.6109292321419001,1.4063002528587523,0.9831821495344228
-1.4228799162778332,1.2684751206566596,0.9738327019434984,1.6324829663907536,-0.15267096867765062,0.5570338401171905,2.0565251075414346
1.6844196209131987,-0.790908490103368,0.09286811132050711,-0.6599977117587781,0.1497839882392579,-1.6510588330108702,-1.4318395059813538
0.8357146191163172,0.23324733782836624,-1.1687311883505875,0.6295226697003334,1.5696185124811795,-1.566132191736714,-0.35849654797434194
0.4806441591808871,0.22586603456399337,-1.0352886177676612,-1.5819736366667418,-1.488865714330818,-1.1414989853659332,-0.6268322874760949
-0.4113621182178763,-0.0730767476431074,-0.6292473249702332,-1.6504988743288203,-0.3221330453301178,0.4721071988430343,-0.8951680269778478
0.5118210776142419,1.166982200771533,-0.9296018698423879,-1.0400013024303036,0.6490177171726375,1.5761535354070646,-1.1635037664796009
-1.3033683956166398,0.07823996927653622,-1.5348644226559254,-0.030811438679694686,0.7023134346740573,-0.7168657789951522,-1.7001752454831067
-0.34208007725486556,-0.224393464562751,0.4445578767820509,0.3990286884733425,-0.629445868175161,-1.7359854742850265,-0.09016080847258898
-1.3397414671222203,-0.8222790289769526,1.0396984002251384,1.5514985946082973,-1.3651661427984605,-1.2264256266400893,2.0565251075414346
0.4356108325549301,-0.6303651441032583,0.3039515776761986,-1.0711491377312485,-0.905358572122406,-1.566132191736714,-0.6268322874760949
-0.49450056737348924,0.8901833283575507,-1.5254674670226136,-1.4200048931018294,-1.6668466573210285,-1.056572344091777,-1.1635037664796009
-1.1977132831480484,-0.9477611844712911,1.0862191311999294,-1.1147561071525711,0.007849818512887423,0.047473992472253396,-0.09016080847258898
-0.39577365900119893,-0.15611640936730206,-0.5650347948092685,0.9783784250709143,1.2823003841809224,-0.8867190615434646,0.17817493102916399
0.6382608023717365,0.4399238292308063,-1.5398819329169222,1.370841149862818,0.9136658044749324,0.6419604813913466,0.17817493102916399
-0.41482622026602683,0.6373736915527802,-1.5665646464436105,1.370841149862818,0.5407365896730552,-1.1414989853659332,-0.09016080847258898
-0.21044419942514514,-1.7320246563109074,0.46355480869507343,-0.27999412108725247,1.3791760873274928,0.047473992472253396,-0.6268322874760949
0.6192082411069085,1.2592484915761937,0.05530929173674501,1.3646115828026288,-0.11613136843559395,0.3022539162947219,1.2515178890361758
1.1405555993535645,0.30890569628818804,0.15438336717931747,1.5141211922471636,0.453858233798878,0.8967404052138152,1.5198536285379287
-1.5302670797705,1.622777677346557,1.4844006246867787,-1.3888570578008845,0.6275445416932014,-0.5470124964468399,-0.09016080847258898
-0.3732569956882204,1.2168059978060497,0.2618682979726938,1.146576735696016,-1.3053228668721633,0.8967404052138152,1.7881893680396816
-1.2514068648943817,0.43807850341471305,-1.1586961678285939,-1.7065649778705207,-1.292086942314347,1.4912268941329085,-0.6268322874760949
0.4269505774345537,-0.4366059334134707,-1.5409550420478868,0.4675539261354209,-0.03495572473792272,-1.4812055504625579,-1.4318395059813538
1.2358184056777042,-0.041706208769522746,0.17332229319336892,1.1777245709969606,-1.1853546996034454,-1.2264256266400893,1.5198536285379287
-0.9898671602590161,-1.702499443253416,-1.4526410608644462,-1.0337717353701148,-1.500200734829799,-0.8867190615434646,-0.8951680269778478
1.1301632932091128,-1.4423085031842726,1.479180093779383,-0.9403282294672806,0.10134613666597274,-0.6319391377209961,-0.09016080847258898
1.0626133032701774,0.755474543782746,-1.0507761927929347,-0.9216395282867138,0.3671910894867937,0.7268871226655028,-1.1635037664796009
1.551051692059403,1.021201461300169,-1.4966965411329671,1.0531332297931817,0.9882938897477265,0.811813763939659,0.17817493102916399
0.9742787010423387,-0.379400833114581,0.5048260058129834,-1.0462308694904927,0.0760711530688661,1.4912268941329085,-0.09016080847258898
-0.6261364452032097,0.5506433781963992,-1.4988427593948965,0.03771379898238371,0.12429779308005845,0.047473992472253396,-0.8951680269778478
-0.15675061767881182,-0.0361702313212431,0.8096180019564243,0.19968254254729628,1.5252640844416885,1.23644697031044,0.4465106705309169
0.7300595066477258,-1.161818979138104,1.5190011434230166,0.14361643900559576,1.4565499229074934,0.13240063374640956,0.4465106705309169
-1.3605260794111236,0.0007362850006211943,-0.8630691037225807,0.34919215199183096,1.5660983197796325,-1.1414989853659332,-0.6268322874760949
0.23815701581034945,-1.3611141672761713,-0.2222489348397826,0.11246860370465105,0.2374367865077754,-1.7359854742850265,-0.6268322874760949
-1.6480465494076182,-1.1378297435288922,-1.3014486851963754,0.11869817076483999,1.4416947097069654,-0.3771592138985275,-0.8951680269778478
-1.473109395976016,0.5709419621734245,1.6272111479535312,0.5796861332188219,0.3768364174890321,-1.2264256266400893,0.4465106705309169
0.5793710675531774,-0.45505919157440283,0.4084202017230798,0.7728027120846792,-0.6151538858068807,0.9816670464879713,1.2515178890361758
1.0262402317645967,1.192816762196838,-0.8212178476149601,-1.363938789560129,-1.651639424850346,-0.3771592138985275,-0.35849654797434194
1.2583350689906827,-0.8868654325402151,0.4435717764995428,-0.4544219987725429,1.6332635965251472,-0.7168657789951522,-0.6268322874760949
-1.0764697114627795,-1.143365720977172,0.5028538052479673,-0.9465577965274695,0.028970974722168745,-1.566132191736714,-0.6268322874760949
0.00606217858426344,-1.7394059595752802,-1.6060956665923887,-0.7222933823606675,-1.527165410923648,-0.9716457028176207,-1.4318395059813538
0.33861597520671505,1.3330615242199222,0.5973744176213115,0.5734565661586329,-1.3751634900708536,-0.037452648801902785,0.9831821495344228
1.5458555389871773,1.039654719461101,-1.4455353382404914,0.8662462179875133,-1.2872290763862124,0.13240063374640956,0.17817493102916399
-0.9171210172478548,-0.5750053696204618,-0.1635179621315832,1.3210046133813063,0.8785342813134945,-1.7359854742850265,0.17817493102916399
-0.5204813327346183,0.3292042802652134,0.7418091060592538,0.33673301787145304,0.04819122687261475,-1.1414989853659332,0.4465106705309169
-0.04763140316206989,1.6965907099902855,0.4616406140290284,1.134117601575638,0.5346818582263946,-1.566132191736714,0.9831821495344228
0.5291415878549945,0.33474025771349303,0.39151148217301546,1.694778636992643,-1.6776184469877622,1.6610801766812209,2.3248608470431877
0.6330646492995107,-0.7927538159194611,0.23016807418500887,1.7196969052333988,1.5309667966181946,0.5570338401171905,1.2515178890361758
1.4696452939278655,0.45468643575955203,-0.5545067241460209,0.40525825553353145,-1.5366699312178247,-1.3113522679142455,0.17817493102916399
-1.0678094563424032,0.12990909212714621,-0.7658802199965677,0.8911644862282692,0.07895771108413455,0.6419604813913466,0.17817493102916399
-0.1844634340640161,-0.00479969244765845,-0.9807050668358928,-1.4200048931018294,1.522447930280451,-1.3962789091884016,-1.7001752454831067
-0.09093267876395161,-1.462607087161298,0.7887648812763278,1.0842810650941264,0.04840243843470756,0.3871805575688781,1.7881893680396816
-1.627261937118715,-1.1304484402645194,0.965392843643209,0.17476427430654048,1.2140086457709127,-0.9716457028176207,0.17817493102916399
1.4003632529648549,1.2998456595302443,-0.5628305706483682,-0.8095073212033128,-1.1428307717687591,-1.566132191736714,-1.1635037664796009
0.26413778117147846,1.4972955218522184,-0.8498147558076933,-0.36097849286970873,0.19251912763603712,0.9816670464879713,-1.1635037664796009
-1.0193120276682957,-0.7540019737815036,-0.7474633470732558,-1.363938789560129,0.8209439287161874,0.7268871226655028,-1.1635037664796009
-1.5406593859149516,-1.3740314479888238,-0.25261502295113314,1.3957594181035737,-0.18491593382382013,0.13240063374640956,1.2515178890361758
0.5326056899031452,-1.1175311595518669,-1.2596554349877258,0.3865695543529646,1.132340175095025,-0.12237929007605897,-0.8951680269778478
-1.272191477183285,1.298000333714151,0.7962186392941092,-1.681646709629765,-0.2663027890835841,-0.4620858551726837,-0.09016080847258898
0.7092748943588225,-0.1598070609994885,0.6966805166597682,0.40525825553353145,0.5030705277665035,0.7268871226655028,0.4465106705309169
1.0141158745960699,-1.1987254954599684,-0.6167470537419695,0.08132076840370632,-1.0654569361887585,1.1515203290362837,0.17817493102916399
0.8530351293570698,0.403017312908942,-0.01905427074415539,0.8724757850477023,1.0109639307456884,-0.6319391377209961,0.4465106705309169
0.2294967606899731,1.3478241307486678,-0.5552608008326447,0.6232931026401445,0.09951563646116836,-0.5470124964468399,0.4465106705309169
0.32649161803818816,1.2407952334152614,1.10101063543755,-1.1334448083331379,0.11929911944386187,0.21732727502056576,-0.09016080847258898
0.48757236327718817,0.7997623633689831,-1.4814119867540927,1.134117601575638,-0.9768184839638079,-0.8017924202693084,0.4465106705309169
0.2520134240029516,-0.4199980010686318,-1.72178843209017,0.5796861332188219,-1.5249828914486891,-0.5470124964468399,-0.35849654797434194
-0.976010752066414,0.32366830281693376,-0.015022860765666642,1.59510556402962,-0.04467145659419213,0.3022539162947219,1.5198536285379287
-0.21217625044922042,-1.3500422123796119,0.6041321048514401,0.03771379898238371,1.7116934899156118,-0.3771592138985275,0.17817493102916399
0.28145829141223117,-1.2762291797358833,0.383013617973755,1.588875996969431,-0.5506639555145417,0.3022539162947219,2.0565251075414346
-0.9864030582108655,1.3275255467716425,-1.3771173804041246,-1.6691875755093872,0.6040296544468682,-1.056572344091777,-1.9685109849848597
-0.8513030783329946,-0.7373940414366646,-1.4786857095024528,-0.7036046811801007,-0.04016560993621212,1.4912268941329085,-1.7001752454831067
-1.4176837632056074,-0.7244767607240121,0.28660781388385137,1.345922881622062,0.4987758926706163,-0.6319391377209961,1.5198536285379287
0.44946724074753225,0.30521504465600163,-0.9468876277357641,-0.6849159799995339,-1.089816669683463,1.6610801766812209,-0.6268322874760949
1.3951670998926289,1.6006337675534383,0.16592654107455862,1.588875996969431,0.15928850853343451,1.4912268941329085,1.5198536285379287
0.42521852641047847,1.2555578399440073,-0.7490295063454745,1.1528063027562048,1.0870704969531322,0.811813763939659,0.7148464100326699
-1.1994453341721236,0.5875498945182634,-1.253651824444221,-0.5478655046753771,1.164021909408947,0.9816670464879713,-1.7001752454831067
0.8305184660440914,-1.48659632277051,-0.4304321062469211,-0.2426167187261188,0.033617629088210636,0.3022539162947219,-0.6268322874760949
-1.6826875698891235,0.9639963610012793,1.5913925053389009,-0.5790133399763219,0.4842022948862122,1.5761535354070646,-0.09016080847258898
1.3466696712185215,0.47683034555267056,-1.4956814379009737,-1.700335410810332,1.4194470918331892,0.5570338401171905,-1.7001752454831067
-0.4425390366512312,0.5321901200354671,1.585330888896425,0.7229661756031677,-0.09416536597794137,1.4063002528587523,1.2515178890361758
1.433272222422285,1.0931691681278042,-0.8285555938347994,-0.22392801754555197,-1.3246839267306711,-0.20730593135021513,-0.6268322874760949
0.20871214840106989,-0.40892604617207245,-0.35244317508032935,1.6262533993305646,-1.167753736095711,1.0665936877621276,1.7881893680396816
0.5620505573124247,0.8735753960127117,-0.6738248583294937,-0.7222933823606675,0.25447451918326236,1.4063002528587523,-1.1635037664796009
1.2444786607980807,-1.4404631773681795,-1.157507046899687,-0.41081502935122033,0.19519447408921275,1.23644697031044,-1.1635037664796009
0.05109550521022043,-0.5380988532985975,-0.09144563266003972,0.4862426273159877,1.5437098941977943,0.3871805575688781,-0.09016080847258898
1.2219619974851021,1.1540649200588804,1.4122702893162642,-0.678686412939345,-1.2487885720853202,-0.6319391377209961,0.17817493102916399
0.9898671602590161,-1.0824699690460957,0.3078379729072597,-1.127215241272949,-1.0408859911319612,0.811813763939659,-0.09016080847258898
-1.3726504365796504,-1.6489849945867128,0.9173059533961992,1.6137942652101867,-0.3896503413457871,1.4912268941329085,2.0565251075414346
1.0123838235719946,-0.9145453197816132,-0.6071760804117444,1.59510556402962,-0.39183286082074614,-0.7168657789951522,1.2515178890361758
0.2589416280992527,0.06716801437997692,0.5680814386409256,-1.4823005637037188,-0.05164143814325497,-0.4620858551726837,-0.09016080847258898
1.6255298860946397,-0.5454801565629703,1.3109919897127913,0.8101801144458128,0.15928850853343451,1.4063002528587523,1.2515178890361758
-1.7017401311539515,0.10407453070184122,0.7288737905887072,0.5111608955567435,-0.10817573293009798,-0.2922325726243713,0.7148464100326699
1.6376542432631667,-1.6822008592763906,0.25357345441983203,-0.5914724740966997,0.16703293247683765,0.9816670464879713,-0.6268322874760949
-1.4003632529648549,0.7979170375528899,-1.7274440072398485,1.7196969052333988,0.9411233075469981,-0.3771592138985275,0.4465106705309169
1.5856927125409086,0.7259493307252546,0.7816881616018583,1.2151019733580943,1.4333870549313148,0.7268871226655028,1.5198536285379287
1.292976089472188,-1.488441648586603,1.349014856488322,-0.2426167187261188,-0.2546861531684794,0.4721071988430343,-0.09016080847258898
0.11171729105285483,-0.6783436153216819,0.35111037353967134,0.8350983826865687,1.39698826239732,0.047473992472253396,0.7148464100326699
1.537195283866801,-0.7263220865401054,-0.6190962926502975,0.0065659636814389835,-0.86811493334004,-0.7168657789951522,-0.6268322874760949
0.7733607822496075,0.6761255336907378,0.7646634302538519,0.560997432038255,-0.9916736971643357,-1.2264256266400893,0.7148464100326699
-1.3795786406759516,-1.634222388057967,-1.3633989852974686,-1.4386935942823962,0.5138423174332369,0.21732727502056576,-1.7001752454831067
0.06321986237874731,1.3367521758521086,1.5809804464735955,0.07509120134351738,0.12436819693408939,-0.5470124964468399,0.7148464100326699
-1.3899709468204031,-0.10998326396497168,-1.2466911165676937,-1.5009892648842857,0.6069866163161676,0.13240063374640956,-1.7001752454831067
0.6850261800217687,-0.49750168534454675,-0.7518137894960855,-1.6567284413890093,-1.6569197139026663,-0.6319391377209961,-0.35849654797434194
-1.292976089472188,-0.7613832770458765,-1.3183864076959253,-0.1990097493047962,-0.4684322540064064,0.811813763939659,-1.7001752454831067
-0.5308736388790699,-1.4090926384945948,1.6250359267421164,0.6170635355799555,0.1369000829515963,-0.2922325726243713,1.2515178890361758
0.14809036255843547,0.6060031526791956,-1.350289652130009,0.012795530741627929,-0.6234615405825313,1.23644697031044,-1.4318395059813538
-0.3905775059289731,1.1577555716910668,1.065104983974463,-0.5852429070365107,0.23342376682801194,0.8967404052138152,-0.09016080847258898
1.4176837632056074,-0.5307175500342246,0.34588984263227585,-0.11179581046215097,0.8822656855771341,1.321373611584596,-0.35849654797434194
-1.3224209568814678,0.677970859506831,-1.1662659376443174,-1.0960674059720041,0.36416372376346334,0.047473992472253396,-1.1635037664796009
-0.48237621020496235,-0.14319912865464954,-0.7218537426775323,-0.9340986624070917,-0.09149001952476574,1.4912268941329085,-0.8951680269778478
0.13943010743805914,0.6890428144033902,-0.6860931059618731,0.3616512861122088,1.394664935214299,0.9816670464879713,-0.35849654797434194
-0.7231313025514247,1.279547075553219,0.5420657929524046,-0.6413090105782112,1.2442118991501852,0.047473992472253396,-0.35849654797434194
0.38191725080859673,0.3310496060813066,-0.9564876040154747,0.29312604845013046,-0.2494058641161591,-0.20730593135021513,-0.09016080847258898
0.3611326385196935,0.24985527017320516,0.9707873922475176,1.6137942652101867,0.36620543553036056,0.4721071988430343,2.0565251075414346
1.246210711822156,-0.4163073494364453,-0.45372147468380214,-1.2019700459952163,-0.7398391112956714,-0.8867190615434646,-0.6268322874760949
-1.324153007905543,-0.5805413470687414,-0.9832283234411339,0.8226392485661908,0.7061856466457589,-1.3113522679142455,-0.09016080847258898
0.40443391412157526,0.5118915360584416,0.8563127506281285,0.10000946958427315,0.33325643184388165,1.6610801766812209,0.4465106705309169
-0.06668396442689785,-0.3627929007697421,0.6538431602696395,1.3272341804414953,0.4441425019426086,1.1515203290362837,1.5198536285379287
0.21390830147329568,0.028416172242019415,1.485125698423917,1.0655923639135596,0.703791915608707,1.6610801766812209,1.7881893680396816
-0.6625095167087903,0.6023125010470092,-0.7536699782631594,0.2557486460889968,-0.023761511947003624,0.4721071988430343,-0.09016080847258898
-0.6365287513476613,1.528666060725803,0.1640993552569702,1.701008204052832,-1.6730421964757511,0.8967404052138152,2.0565251075414346
0.04589935213799462,1.7187346197834041,0.09994483099497657,-1.6629580084491982,0.817986966846888,0.21732727502056576,-0.6268322874760949
1.3986312019407794,-1.152592350057638,-0.802568951095764,0.7790322791448682,0.034321667628520014,-0.5470124964468399,0.17817493102916399
-0.33341982213448923,-0.6174478633906058,1.6844339672884832,0.0065659636814389835,0.19371599315456306,-0.7168657789951522,-0.09016080847258898
-1.1838568749554461,1.6818281034615397,1.6951650585981293,1.4269072534045184,-0.8450224692178924,-0.037452648801902785,2.3248608470431877
-1.4869658041686182,0.37349209985145054,1.4592550674828237,-0.9091803941663359,1.5884867453614706,0.6419604813913466,-0.35849654797434194
-0.9725466500182633,0.8772660476448981,-1.5640703927878548,0.28066691432975255,0.5881183834358763,0.21732727502056576,-0.8951680269778478
1.0782017624868547,0.36795612240317094,-1.406323350536054,0.791491413265246,-1.3820630677658854,1.1515203290362837,0.17817493102916399
-0.9985274153793924,-1.4035566610463153,0.6540171779665527,-0.12425494458252885,0.06403209402957574,0.6419604813913466,-0.09016080847258898
1.7259888454910053,0.061632036931697276,-0.14698628092483076,1.3085454792609283,0.08395638472033112,-0.12237929007605897,1.2515178890361758
-1.2444786607980807,1.6338496322431162,1.3955645904125986,-0.44196286465216506,-0.04847326471186277,-1.4812055504625579,-0.6268322874760949
-1.021044078692371,0.23509266364445947,-0.705380067369751,0.050172933102761594,0.9863225818348602,-1.1414989853659332,-0.6268322874760949
-0.8564992314052204,-1.6065425008165688,-1.5895929883351216,0.6606705050012782,-1.2985640968851933,-0.4620858551726837,0.17817493102916399
-1.3466696712185215,0.4067079645411284,-1.7437146619012311,1.7134673381732097,-1.2159099722528723,-1.056572344091777,0.4465106705309169
-0.5966915777939301,-0.2483827001719628,-0.48919208190460606,-0.4793402670132987,-1.6129173051333303,0.3022539162947219,-0.35849654797434194
-1.1717325177869193,-0.20963085803400527,1.174214079939029,0.16853470724635156,0.7927119832497814,0.8967404052138152,0.4465106705309169
-1.0175799766442204,-0.8130523998964865,-1.2598874585836102,-0.6849159799995339,-1.3936797036809903,1.0665936877621276,-1.1635037664796009
-0.7075428433347473,0.9861402707943978,0.6647772722256846,0.7105070414827898,1.6736050048848745,-0.8017924202693084,0.7148464100326699
0.357668536471543,1.5065221509326843,-0.761355759876825,0.7603435779643013,-0.8353771412156539,1.0665936877621276,0.7148464100326699
0.8911402518867257,-0.20409488058572564,-1.1429475662579507,-1.0026239000691701,-1.267304785695457,1.0665936877621276,-0.6268322874760949
-1.6237978350705644,0.5764779396217041,1.0605805238547203,-1.0275421683099257,0.5280638959474864,-0.7168657789951522,-0.35849654797434194
0.1463583115343602,-0.9569878135517572,-0.07755321985647057,-0.0744184081010173,-1.4849935023591165,0.21732727502056576,-0.09016080847258898
0.7473800168884784,-0.29636117139038637,0.34000224388671313,-1.2019700459952163,0.44815552162237204,1.6610801766812209,-0.35849654797434194
0.014722433704639784,1.0027482031392367,0.9253977763026623,-0.01212273749912785,0.7294189184759683,-1.566132191736714,-0.8951680269778478
1.1994453341721236,0.0394881271385787,-0.13135369115212978,-0.23638715166592986,0.7415987852233206,0.3022539162947219,-0.8951680269778478
-0.0528275562342957,0.10591985651793442,0.37509581276420517,0.9410010227097807,1.7310545497741197,-1.2264256266400893,0.4465106705309169
0.2831903424363064,-1.6932728141729498,-1.72042529346435,-0.560324638795755,0.8260834100604458,0.3871805575688781,-1.7001752454831067
0.49276851634941393,-0.2114761838500985,-1.3319017821561825,0.3616512861122088,0.0036959911250620957,0.4721071988430343,-0.8951680269778478
-0.18273138303994085,0.0007362850006211943,-1.4711449426362149,0.6855887732420339,0.8273506794330028,-0.3771592138985275,-0.35849654797434194
-0.21564035249737096,-0.49196570789626715,1.599919372487647,-1.6068919049074977,0.6768272395148579,-1.056572344091777,-0.35849654797434194
-0.6884902820699194,-1.6803555334602973,0.8697121132904436,1.5514985946082973,0.8554418171913469,1.321373611584596,1.7881893680396816
-1.266995324111059,-0.9994303073219012,1.67906842163366,0.6295226697003334,0.9746355420657244,-0.4620858551726837,0.9831821495344228
1.085129966583156,-1.4792150195061369,-1.190570409313192,-1.2144291801155942,1.6271384612244555,-0.037452648801902785,-1.7001752454831067
-1.1942491810998979,0.05056008203513799,0.31685789019725974,0.7229661756031677,-1.3493252756414995,-1.4812055504625579,0.9831821495344228
-0.5845672206254032,-1.4995136034831624,-1.620220102991842,-0.26130541990668565,1.7383061467393062,1.4912268941329085,-1.7001752454831067
0.4113621182178763,1.4068745568636507,1.4155186196586436,-0.7534412176616123,-0.20343214743395674,0.9816670464879713,-0.09016080847258898
-1.2704594261592097,-0.21516683548228493,-0.3536322960092361,1.5078916251869747,-1.2958183465779867,-0.5470124964468399,2.0565251075414346
1.0608812522461022,-1.4201645933911542,0.4572031627577422,-1.3950866248610736,0.8177053514307643,0.3871805575688781,-0.35849654797434194
-0.41655827129010214,0.6152297817596617,0.34322157127960706,-0.44819243171235396,0.5395397241545292,0.3871805575688781,-0.35849654797434194
-1.1093786809202095,-1.2153334278048074,-1.1942247809483688,1.034444528612615,-0.2192026107368868,1.321373611584596,0.17817493102916399
0.6590454146606397,-0.7447753447010376,-0.12334887709412334,-1.5570553684259862,-0.3050249088005999,-0.8867190615434646,-0.35849654797434194
0.3559364854474677,1.05626265180594,-1.2727067622562145,-0.21769845048536302,-0.7901074630737609,0.21732727502056576,-1.4318395059813538
0.8478389762848441,-1.0547900818046976,-1.5981778613828388,0.12492773782502893,-1.6480488282947683,0.047473992472253396,-0.09016080847258898
-1.4505927326630375,1.495450196036125,-0.5853368594491399,-0.36097849286970873,-0.7710984224854077,1.1515203290362837,-0.6268322874760949
-0.8357146191163172,-0.43106995596519104,-0.37097605980158344,-1.5944327707871198,0.026225224414962174,1.4063002528587523,-0.6268322874760949
0.13423395436583332,1.4899142185878453,1.660274510367036,-1.3701683566203178,0.4338635392540917,-1.7359854742850265,-0.8951680269778478
0.518749281710543,-0.07676739927529382,1.269256745403113,0.15607557312597364,1.2849053267800672,0.3022539162947219,0.4465106705309169
-0.43214673050677954,1.639385609691396,1.5147667127981292,-1.1459039424535158,-0.8512884122266459,-0.7168657789951522,0.17817493102916399
-0.02165063780094086,0.3605748191387981,-1.605515607602678,0.23705994490842994,-0.1723840478063132,0.8967404052138152,-0.8951680269778478
-1.0504889461016504,-0.09706598325231919,1.6600424867711518,-0.20523931636498513,0.6013543079936926,-0.2922325726243713,-0.09016080847258898
0.3888454549048978,0.20187679895478158,-0.3969917054901043,-0.7409820835412344,-0.13443637048363777,0.3871805575688781,-0.6268322874760949
-1.5216068246501235,1.1300756844496687,-0.9585758163784329,-0.7347525164810454,0.25623461553403576,-0.12237929007605897,-1.1635037664796009
-0.6070838839383816,-0.44952321412612317,0.8356626505944307,-0.41704459641140923,-1.0741870140885947,-0.12237929007605897,0.17817493102916399
1.3691863345314998,-0.9699050942644097,-0.8086015645887543,-0.7036046811801007,-0.24651930610089065,-1.3962789091884016,-1.4318395059813538
1.518142722601973,-0.1598070609994885,0.7781498017646236,-1.5196779660648525,-0.2410278054864775,0.4721071988430343,-0.09016080847258898
-0.6763659249013925,-1.0197288912989266,-1.3664152920439638,-1.0275421683099257,-1.104531075175929,-0.8017924202693084,-1.1635037664796009
1.7069362842261773,0.0893119241730955,-0.4126823011617764,-1.5445962343056083,-0.05382395761821404,-1.3113522679142455,-0.8951680269778478
0.042435250089844084,-0.6322104699193515,1.2084085573824697,-0.5354063705549992,0.0762823646309589,0.8967404052138152,-0.09016080847258898
-1.053953048149801,-1.257775921574951,0.37120941753314407,0.012795530741627929,0.1943496278408415,-0.5470124964468399,-0.35849654797434194
1.6567068045279945,-1.0640167108851637,1.6038347706681937,1.4144481192841405,1.4623230389380302,-0.037452648801902785,1.7881893680396816
1.363990181459274,0.09115724998918871,1.5680161280535634,0.2868964813899415,0.10718965655054058,1.5761535354070646,0.7148464100326699
0.28492239346038173,0.04871475621904477,-0.2123589290652167,-1.4386935942823962,-0.5776990354624217,1.0665936877621276,-0.35849654797434194
1.6515106514557687,-1.5641000070464248,0.6022469131348807,-0.49802896819386555,-0.36796595430425827,0.6419604813913466,-0.09016080847258898
-0.6555813126124892,-0.7761458835746222,1.091932712248579,-1.363938789560129,1.4719683669402688,1.0665936877621276,-0.35849654797434194
-0.0008660255120376344,-0.2871345423099203,-1.1696592827341246,-0.8468847235644464,0.102190982914344,0.4721071988430343,-1.1635037664796009
-1.6688311616965215,1.082097213231245,-0.857239510875989,0.3554217190520199,1.4801352140078574,-0.8867190615434646,-0.35849654797434194
-1.4055594060370806,1.3810399954383459,1.5295872199852354,1.6324829663907536,1.551947145119414,0.3022539162947219,1.7881893680396816
1.6289939881427902,1.0433453710932874,-1.1394382093702016,-1.4324640272222073,-0.9229595356301404,0.047473992472253396,-0.6268322874760949
0.5031608224938655,-1.126757788632333,1.2835551994994794,-1.3826274907406957,0.22448247736608284,-0.12237929007605897,-0.09016080847258898
1.0037235684516181,0.4306972001503402,1.3249424084153316,-0.41704459641140923,-1.6951490066414656,1.5761535354070646,0.17817493102916399
-1.660170906576145,1.2777017497371257,-1.0841295847012948,1.4393663875248963,-0.6138866164343237,-0.6319391377209961,1.2515178890361758
0.03897114804169355,0.03026149805811263,1.593480717701859,0.06263206722313949,1.1481106383979551,1.6610801766812209,0.4465106705309169
1.1838568749554461,0.3162869995525609,-0.18985264026444496,-1.47607099664353,-1.0406747795698683,-1.566132191736714,-0.8951680269778478
1.2133017423647257,0.29967906720772197,-1.662970450533514,-0.678686412939345,1.3895958577240715,-0.20730593135021513,-1.7001752454831067
0.6174761900828333,1.1429929651623212,-1.075341691007179,0.5859157002790109,-1.5461040476579704,-1.3113522679142455,0.17817493102916399
-0.6244043941791344,0.7591651954149324,1.0428307187695756,-1.2954135518980505,-0.36029193421488603,0.811813763939659,-0.09016080847258898
0.6607774656847151,1.3902666245188118,-0.494383609862516,-1.339020521319373,-1.2071094904990052,1.321373611584596,-0.6268322874760949
0.3853813528567473,0.8274422506103813,1.2170224333796722,1.015755827432048,1.0977718827658347,-0.037452648801902785,0.9831821495344228
0.14462626051028493,0.004426936632807623,-0.19205686442534528,1.6075646981499978,1.6529766756538096,1.6610801766812209,1.2515178890361758
-0.7248633535754999,0.30521504465600163,1.2924881079410229,1.258708942779417,1.1744416798055257,-1.1414989853659332,1.2515178890361758
-1.0972543237516827,-0.8794841292758422,0.7894609520639805,0.5236200296771214,0.8743100500716382,1.6610801766812209,0.4465106705309169
0.4789121081568118,-0.525181572585945,1.5275280105717626,0.2059121096074852,0.6264180800287065,1.23644697031044,0.7148464100326699
-1.7259888454910053,0.8292875764264745,1.037117137720926,-1.5259075331250413,-0.9010639370265189,-0.7168657789951522,0.17817493102916399
-0.5499262001438978,0.8864926767253642,1.324855399566875,1.3646115828026288,-0.9944898513255732,1.6610801766812209,2.0565251075414346
1.2617991710388332,-1.5548733779659587,-0.8137930925466643,-1.351479655439751,0.6928089143798807,-0.12237929007605897,-1.1635037664796009
0.582835169601328,-1.2337866859657394,-0.7429388869535131,0.5485382979178772,-1.4059299742823734,-0.9716457028176207,0.17817493102916399
-1.577032457420532,0.03395214969029906,-1.1519964864974364,-0.5167176693744324,1.0347604334081453,-1.1414989853659332,-1.4318395059813538
0.8738197416459731,-0.7115594800113597,1.2359903623432094,0.9285418885894028,-1.3109551751946384,0.8967404052138152,1.5198536285379287
-0.4581274958679086,-0.731858063988385,0.9086920773989967,-0.5914724740966997,-1.1935919505250652,0.21732727502056576,0.17817493102916399
0.9500299867052849,-0.783527186838995,-1.3462582421515201,1.482973356946219,-1.000544582772234,-0.7168657789951522,0.7148464100326699
-0.10652113798062902,-0.5473254823790635,-0.3029641432580142,-1.0836082718516264,0.6700684695278878,-1.056572344091777,-1.1635037664796009
-1.556247845131629,0.38640938056410307,1.558329142925396,-1.1521335095137046,-0.17365131717887008,0.7268871226655028,-0.09016080847258898
-1.4367363244704354,-1.685891510908577,-1.6099820618234497,-0.37343762699008665,-0.23088965050602245,-0.7168657789951522,-1.7001752454831067
-0.7716287312255322,-0.28344389067773385,1.5067328957906372,-0.7596707847218012,-0.9847741194693038,-0.2922325726243713,0.17817493102916399
1.6116734779020376,-1.2448586408622988,0.03213593509780608,0.3242738837510752,-0.46082863777106514,-0.9716457028176207,0.17817493102916399
1.0314363848368224,0.38456405474800986,-0.9116200411613589,0.44886522495485404,0.7827850398314191,0.6419604813913466,-0.35849654797434194
-1.653242702479844,0.4196252452537809,-0.9985128778200085,1.009526260371859,0.09684029000799273,-0.8017924202693084,0.17817493102916399
1.3934350488685536,-0.7097141541952665,1.347042655923306,0.4114878225937204,-0.7972182523308856,1.1515203290362837,0.7148464100326699
1.492161957240844,0.38825470638019627,-0.007366082101486569,1.2773976439599837,-1.2626581313294152,0.7268871226655028,1.7881893680396816
0.5412659450235214,-0.8721028260114694,-0.427966855540651,-0.7908186200227459,1.1350859254022316,-0.3771592138985275,-0.8951680269778478
-0.2953146996048333,-0.5288722242181314,-0.5970250480918088,1.1839541380571494,0.5379204355118177,-1.6510588330108702,-0.09016080847258898
-1.3068324976647903,1.5342020381740826,1.3620661837568107,-0.896721260045958,0.6321911960592433,-1.2264256266400893,-0.35849654797434194
0.7335236086958763,0.6945787918516699,1.2662984445555887,0.8475575168069465,1.0132872579287093,0.4721071988430343,0.9831821495344228
-0.8616953844774462,0.8495861604035,1.5551388184819877,-0.3796671940502756,1.490907003674591,1.4063002528587523,-0.35849654797434194
1.6930798760335752,-1.7061900948856024,-0.8919850443596548,-0.6039316082170776,1.3458046605168283,-1.3962789091884016,-1.7001752454831067
0.705810792310672,0.0265708464259262,-0.9097348494447994,-1.0898378389118153,0.34276095213805824,-0.8017924202693084,-1.1635037664796009
-0.36632879159191933,-0.02140762479249738,-1.667233884107887,-1.1334448083331379,-0.7073829345874091,-1.056572344091777,-1.9685109849848597
1.376114538627801,0.6226110850240345,0.7519021324802184,1.1777245709969606,0.7397682850185162,-0.20730593135021513,1.5198536285379287
0.14289420948620968,-0.5547067856434365,-1.0230203701352818,1.0655923639135596,1.6004554005467302,0.13240063374640956,0.7148464100326699
0.3005108526770591,0.6927334660355767,-0.2424349876817119,0.6482113708809003,0.8210847364242493,-1.4812055504625579,-0.09016080847258898
0.016454484728715052,0.6853521627712038,-0.5093201288475643,-0.2114688834251741,0.28045354132067835,1.4063002528587523,-1.1635037664796009
-0.5914954247217042,-0.903473364885054,-0.6980713240993973,-0.6039316082170776,0.47962604437420125,-1.056572344091777,-1.4318395059813538
-0.40789801616972576,-0.05093283784998882,1.5286301226522128,-0.8531142906246354,-1.6579053678590996,-1.3962789091884016,-0.35849654797434194
-1.2877799363999622,0.8108343182655424,-1.4932741930936746,-1.1708222106942716,-1.0783408414764202,0.4721071988430343,-1.4318395059813538
1.3743824876037258,-0.8536495678505372,1.1825959323403474,1.5390394604879194,0.2454628258673023,1.23644697031044,2.0565251075414346
-0.3680608426159946,-0.7632286028619697,-0.6960991235343812,1.470514222825841,1.6610027150133366,-0.4620858551726837,0.9831821495344228
-0.8270543639959408,-1.643449017138433,-0.42231128039097254,1.370841149862818,1.5408937400365568,0.21732727502056576,0.9831821495344228
-0.10305703593247849,-0.4199980010686318,0.6813959622808936,0.07509120134351738,0.43379313540006076,1.0665936877621276,0.4465106705309169
1.4038273550130054,-0.13212717375809027,0.17929690078738822,0.28066691432975255,1.1171329426243426,-1.4812055504625579,-0.6268322874760949
0.21044419942514514,-0.7816818610229018,-0.23782351871351254,0.40525825553353145,0.231100439644991,0.13240063374640956,0.17817493102916399
1.4904299062167687,-1.5068949067475352,0.8259756654662636,-0.6288498764578334,0.9316891911068524,-1.4812055504625579,-0.8951680269778478
-0.7543082209847796,1.6356949580592095,1.449974123647454,1.5141211922471636,-1.356788084168779,-0.2922325726243713,2.3248608470431877
0.39577365900119893,-1.7246433530465346,0.28121326527954266,-0.5977020411568886,1.0189899701052152,-0.9716457028176207,-0.6268322874760949
-0.4460031386993817,1.109777100472643,-0.4983280109925482,1.6574012346315092,-1.5587767413835392,0.047473992472253396,1.7881893680396816
-0.7335236086958763,-0.026943602240777027,-1.6522683621733532,0.7354253097235455,-0.6135345971641691,0.6419604813913466,-0.35849654797434194
-1.2063735382684246,-1.5271934907245606,-1.318705440140266,-0.9714760647682253,-1.4690822313481244,-0.8867190615434646,-0.8951680269778478
-0.14289420948620968,1.1042411230243636,1.57686202764665,0.7790322791448682,0.4782883711476134,-0.3771592138985275,1.2515178890361758
1.2739235282073602,0.8495861604035,-0.764198048926407,1.6698603687518871,1.4393009786699136,-1.566132191736714,0.4465106705309169
-0.07188011749912365,-1.5677906586786112,-1.0783579977536741,0.4301765237742872,-0.4641376189105192,-0.2922325726243713,-0.09016080847258898
-0.8391787211644677,-0.11736456722934455,0.44992342243687405,-0.4668811328929208,0.6875990291815913,0.047473992472253396,-0.35849654797434194
1.672295263744672,-0.5122642918732925,-0.7480144031134809,-1.6318101731482535,0.18604197306519085,-1.2264256266400893,-1.4318395059813538
0.6053518329143064,-0.6838795927699615,-1.611751241742067,-1.5570553684259862,1.1464209459012127,-1.3113522679142455,-1.9685109849848597
0.24854932195480106,0.046869430402951565,-1.345098124172099,-0.9465577965274695,-1.3128560792534736,1.4912268941329085,-1.1635037664796009
0.5672467103846505,0.3402762351617727,0.5106555986595751,-0.09310710928158414,-0.3523362987093901,0.7268871226655028,-0.09016080847258898
-1.537195283866801,-0.5916133019653007,-0.1051930307161812,-0.06818884104082835,-0.9641457902382391,-1.3962789091884016,-0.8951680269778478
-1.4713773449519407,1.6172416998982773,-0.44307739222261244,-0.5727837729161329,0.3213581805126532,-1.3962789091884016,-1.1635037664796009
1.5233388756741988,0.893873979989737,1.012348618860283,1.0406740956728038,-0.7037923380318313,1.5761535354070646,1.7881893680396816
1.4280760693500592,0.28491646067897625,1.2323939966070034,-0.11179581046215097,0.34585872171541954,-1.6510588330108702,-0.8951680269778478
-1.279119681279586,-0.3480302942409964,-0.5647447653144132,0.39279912141315354,0.0941649435548171,1.321373611584596,-0.09016080847258898
0.6971505371902956,-0.9016280390689608,-0.09823232283965387,-0.2675349869668746,-1.6962050644519298,0.3022539162947219,-0.09016080847258898
1.176928670859145,-0.15242575773511563,0.5473153268092857,0.8475575168069465,-1.4567615568927104,1.6610801766812209,1.5198536285379287
0.4390749346030806,-1.4220099192072473,0.18698268240105384,0.13738687194540683,1.2774425182527878,-0.7168657789951522,-0.09016080847258898
-1.5649081002520053,1.4788422636912861,-1.3175743251103305,-1.0275421683099257,1.1982381824679829,0.13240063374640956,-1.7001752454831067
-0.7387197617681022,-1.2374773375979258,-0.2928711168370496,-0.1865506151844183,0.5458760710173136,0.3022539162947219,-0.8951680269778478
-0.035507045993543006,-0.25760932925242885,1.6622467109320522,-1.47607099664353,-0.14598260254471154,-1.4812055504625579,-0.6268322874760949
0.8270543639959408,0.6189204333918481,0.4346968739569705,1.6262533993305646,0.4034490743127266,1.1515203290362837,1.7881893680396816
0.16021471972696236,-0.44767788831002997,-1.0345925469800086,1.2960863451405504,1.1417038876811398,-1.566132191736714,0.17817493102916399
0.5568544042401989,1.5489646447028282,-0.7888795589385935,1.2026428392377164,1.1087548839946608,-0.8867190615434646,0.7148464100326699
-1.5960850186853601,1.065489280886406,-1.588461873305186,-1.3078726860184284,-0.776449115391759,0.5570338401171905,-1.4318395059813538
1.1526799565220913,0.23693798946055267,0.9372309796927588,-0.8344255894440685,-0.22765107322059933,-0.6319391377209961,-0.09016080847258898
0.3368839241826398,1.453007702265981,-0.09953745556650274,-0.6350794435180224,1.5012563702171389,0.21732727502056576,-0.8951680269778478
-0.20351599532884407,-1.2079521245404343,-1.7507623786262152,-0.7036046811801007,-1.639318750394932,0.8967404052138152,-0.8951680269778478
-1.7138644883224785,0.8661940927483389,0.21926296517844937,-0.9029508271061469,-0.7602562289646434,-0.9716457028176207,-0.6268322874760949
0.12384164822138172,0.07085866601216335,1.30872975965292,-0.560324638795755,1.5977096502395236,0.8967404052138152,-0.35849654797434194
-1.5198747736260483,-0.08968467998794633,0.2897111294788031,-0.20523931636498513,-0.8260134286295392,-1.1414989853659332,-0.35849654797434194
-0.731791557671801,1.1466836167945076,0.8538765028713439,-0.3796671940502756,-0.43604648115217504,-1.4812055504625579,-0.6268322874760949
1.0972543237516827,-0.6931062218504275,0.9777190971745595,-1.4324640272222073,-1.4621826536530926,0.21732727502056576,0.17817493102916399
-0.32129546496596234,1.6892094067259127,1.0633068011063602,1.7196969052333988,-0.8999374753620238,-0.8867190615434646,2.3248608470431877
0.0528275562342957,-0.32404105863178456,1.044657904587164,0.36788085317239777,0.22208874632903097,-0.7168657789951522,0.7148464100326699
1.3813106917000268,1.510212802564871,0.7921872293156204,0.9223123215292138,-0.7888401937012041,0.3022539162947219,1.2515178890361758
-1.5389273348908763,1.1005504713921772,-1.0081708599986903,-0.5727837729161329,0.07571913379871141,0.21732727502056576,-1.1635037664796009
0.8149300068274139,-0.7576926254136901,-0.3726002249727731,-1.5072188319444746,1.4823881373368475,1.321373611584596,-0.8951680269778478
-1.170000466762844,-1.601006523368289,-0.11760629309598829,-0.30491238932800824,-0.3495905484021835,1.4912268941329085,-0.35849654797434194
1.0833979155590805,0.20556745058696801,-1.4911859807307164,-0.2426167187261188,-1.312433656129288,0.4721071988430343,-1.1635037664796009
0.06148781135467204,-0.8056710966321137,0.7678827576467457,-1.6193510390278756,1.6568488876255112,0.5570338401171905,-0.6268322874760949
-0.9015325580311774,0.19818614732259515,-0.5019533796782395,-1.675417142569576,0.2161748225904322,-1.566132191736714,-1.4318395059813538
-0.12557369924545697,1.0359640678289146,0.6117308776166491,-1.0836082718516264,0.37613237894872276,0.8967404052138152,-0.35849654797434194
0.01991858677686559,-1.272538528103697,-0.5638456738803618,0.5796861332188219,-0.3467039903869151,-0.4620858551726837,-0.09016080847258898
-1.518142722601973,-0.9865130266092487,0.7646634302538519,-1.5570553684259862,0.38718578403158,0.7268871226655028,-0.35849654797434194
1.338009416098145,-1.3629594930922644,1.466534807803692,-1.2580361495369168,0.06438411329973043,0.047473992472253396,-0.09016080847258898
-0.6815620779736182,0.6410643431849666,-1.2834378535658608,0.4301765237742872,1.6833207367411438,-1.4812055504625579,-1.4318395059813538
1.4298081203741344,0.4214705710698741,0.9789372210529518,-1.451152728402774,-0.024676762049405814,0.21732727502056576,-0.09016080847258898
0.018186535752790323,-1.0363368236437656,1.6643059203455248,-0.1865506151844183,0.778420000881501,-1.1414989853659332,-0.35849654797434194
0.7941453945385107,0.687197488587297,-0.6155289298635772,-0.2737645540270635,-0.2328609584188887,0.13240063374640956,-0.8951680269778478
0.08400447466765053,0.4177799194376877,0.1706250188912146,1.3895298510433847,0.6022695580960947,1.0665936877621276,1.2515178890361758
0.002598076536112903,0.9732229900817453,-0.5814504642180788,-1.2891839848378615,-0.8424175266187477,0.7268871226655028,-0.6268322874760949
-0.38191725080859673,0.3328949318973998,0.7779757840677104,-0.7659003517819901,0.5786138631416997,-0.9716457028176207,-0.6268322874760949
0.11864549514915591,0.8680394185644321,-0.20470215040103662,-0.8655734247450133,0.4751201977162212,0.13240063374640956,-0.6268322874760949
0.8807479457422741,0.25723657343757805,-0.5172089311076286,-0.23015758460574093,0.6860501443929107,0.047473992472253396,-1.1635037664796009
-0.5274095368309193,1.3256802209555494,-0.2274694657471781,1.127888034515449,0.4017593818159841,-0.12237929007605897,1.2515178890361758
1.3882388957963279,-0.70602350256308,0.8932335053232089,0.13115730488521787,-1.4930899455726743,-0.9716457028176207,0.7148464100326699
-0.18099933201586557,-0.5030376627928265,-0.6332497319992364,-0.5478655046753771,-0.9023312063990757,-0.9716457028176207,-0.8951680269778478
-1.2548709669425322,1.1319210102657618,0.3503852998025331,-0.5354063705549992,-0.7648324794766543,1.23644697031044,-0.09016080847258898
0.5170172306864678,1.606169745001718,-1.2733158241954108,-0.672456845879156,0.7507512862473424,-0.12237929007605897,-1.7001752454831067
-1.665367059648371,1.209424694541677,-1.0279218685983365,-0.7160638153004786,-1.6916288139399187,1.1515203290362837,-0.35849654797434194
-0.6001556798420806,-0.5694693921721822,-0.1588774902138983,-0.7721299188421791,0.8965576679454146,0.6419604813913466,-0.8951680269778478
0.6954184861662204,1.0784065615990586,0.770522026049929,1.134117601575638,-0.062413227809988446,-1.3113522679142455,1.5198536285379287
0.3282236690622634,0.7702371503114918,-0.3158704557790753,0.06263206722313949,-0.8084124651218048,-1.6510588330108702,-0.35849654797434194
1.1890530280276719,0.17419691171338336,0.8176228160144307,0.31804431669088623,1.0715816490663257,1.4912268941329085,0.4465106705309169
-1.6082093758538871,-0.825969680609139,1.0868281931391255,0.6482113708809003,0.07008682547623639,0.21732727502056576,1.2515178890361758
-0.5170172306864678,0.9510790802886268,1.674804988059287,-0.33606022462895296,1.646851540353118,0.6419604813913466,-0.35849654797434194
-0.2624057301474032,0.6705895562424581,-1.0956147526975648,0.9970671262514812,1.650301329200634,0.4721071988430343,0.17817493102916399
0.18273138303994085,1.6283136547948365,0.5826699222321475,1.6387125334509425,-0.16386518146856974,-1.3962789091884016,1.5198536285379287
0.331687771110414,1.091323842311711,0.40624498051166497,0.9347714556495917,-0.9045137258740348,1.23644697031044,1.2515178890361758
0.10652113798062902,-1.1138405079196805,-0.6131216850562782,0.13738687194540683,0.8441067966923659,0.8967404052138152,-0.35849654797434194
1.1353594462813386,1.340442827484295,-0.21349004409515238,-0.27999412108725247,-1.5876423215362236,-1.7359854742850265,-0.8951680269778478
-0.6521172105643387,-0.16349771263167492,0.32579079863880317,0.9534601568301586,-0.883814992788939,0.8967404052138152,1.2515178890361758
0.4511992917716075,1.338597501668202,1.412212283417293,0.5983748343993888,0.969566464575497,0.811813763939659,0.9831821495344228
1.3293491609777688,-0.1358178253902767,-1.7556348741397843,0.673129639121656,0.6533123522685247,1.321373611584596,-0.35849654797434194
-0.8547671803811451,1.6209323515304637,-0.60201355540332,-0.8468847235644464,-0.06248363166401938,-0.8867190615434646,-0.8951680269778478
-0.4841082612290376,-1.5438014230693995,-0.6664871121096545,1.6698603687518871,1.236608282914844,-1.3962789091884016,0.4465106705309169
0.8963364049589516,0.11145583396621407,-0.9581697750856355,0.34919215199183096,-0.2524332298394894,-0.12237929007605897,-0.09016080847258898
0.6486531085161882,-0.2133215096661917,-0.12297183875081145,-0.8344255894440685,0.6793617782599716,-0.20730593135021513,-0.8951680269778478
-0.11518139310100536,0.351348190058332,1.2298417370522767,1.5016620581267857,-0.6912604520143244,-0.7168657789951522,2.0565251075414346
0.23469291376219892,1.2241873010704225,0.4476031864780316,-0.9652464977080364,-1.1059391522565476,-1.6510588330108702,-0.6268322874760949
-0.6538492615884139,0.8089889924494492,0.549026500828932,0.47378349319560986,-0.9169048041834799,-0.12237929007605897,0.7148464100326699
1.1145748339924355,-0.4236886527008182,0.731658073739318,-0.9091803941663359,-0.7432184962891564,-1.056572344091777,-0.35849654797434194
0.7854851394181344,0.7886904084724239,-0.5321744530421624,-1.4386935942823962,-0.8054555032525054,-1.2264256266400893,-0.8951680269778478
0.5585864552642742,1.711353316519031,0.010441728882629205,-1.4324640272222073,-1.4057891665743114,-0.12237929007605897,-0.09016080847258898
0.8651594865255967,0.1760422375294766,-0.07775624050286928,-0.5291768034948102,1.3826962800290397,0.13240063374640956,-0.8951680269778478
-1.1613402116424676,1.2574031657601004,-0.07633509597807828,0.5360791637974993,-0.9706229448090853,0.9816670464879713,0.4465106705309169
0.3784531487604462,0.39010003219628947,0.8111841612286429,1.6636308016916983,-0.7101990887486466,-0.7168657789951522,2.0565251075414346
-1.1959812321239731,-0.4661311464709621,-0.9447994153728059,1.5078916251869747,1.554129664594373,0.811813763939659,0.9831821495344228
0.17926728099179032,-1.1083045304714008,0.18602558506803132,0.9970671262514812,-0.7228013786201845,0.9816670464879713,0.9831821495344228
-1.3016363445925645,1.0876331906795247,0.04161989957957458,1.4518255216452742,-0.04467145659419213,-0.20730593135021513,1.5198536285379287
-1.6255298860946397,1.1411476393462279,1.2601788222141417,1.12165846745526,-0.6692944495566718,1.23644697031044,1.7881893680396816
1.712132437298403,0.7056507467482293,1.668627359818869,-0.566554205855944,-1.6524842710987173,0.8967404052138152,0.17817493102916399
-0.27279803629185484,0.31997765118474736,1.268879707059801,-1.0586900036108706,1.7095109704406526,-0.8867190615434646,-0.35849654797434194
1.7104003862743278,-0.16534303844776813,1.0405394857602188,1.4767437898860298,-0.4264011531499366,1.4063002528587523,2.0565251075414346
0.8634274355015215,-0.576850695436555,-1.1121174309548318,1.3833002839831958,0.6482432747782971,-0.2922325726243713,0.7148464100326699
-0.21737240352144624,-1.357423515643985,0.7474066753099612,-1.5196779660648525,-1.2518863416626815,-1.4812055504625579,-0.35849654797434194
0.07361216852319892,1.0691799325185924,-1.4348332498803305,0.3741104202325867,-1.0067401219269563,-0.12237929007605897,-0.6268322874760949
-1.5094824674815968,1.2481765366796342,-0.678378321398722,0.1623051401861626,1.3434109294797765,0.8967404052138152,-0.35849654797434194
-0.8114659047792634,0.5783232654377974,0.20229623972941396,-0.9527873635876585,0.058610997269193534,0.6419604813913466,-0.6268322874760949
-0.39230955695304837,-1.2411679892301122,0.7664326101724692,-0.6599977117587781,0.5562254375598615,0.5570338401171905,-0.35849654797434194
0.7352556597199515,0.06347736274779049,0.6489126588570994,1.2898567780803616,0.484413506448305,1.23644697031044,1.5198536285379287
0.09093267876395161,-0.929307926310359,0.596910370429543,0.5423087308576883,-0.3990844577859327,-0.037452648801902785,0.7148464100326699
0.16541087279918817,-0.09522065743622597,-0.4829854507147025,-1.5383666672454193,1.173033602724907,0.047473992472253396,-1.1635037664796009
-0.3247595670141129,-1.5880892426556366,-1.4021759287596232,-0.1304845116427178,-0.6288826373429135,-0.12237929007605897,-1.4318395059813538
1.4350042734463602,-1.333434280034773,1.3540323667493188,-1.5819736366667418,0.772787692559026,-0.037452648801902785,-0.35849654797434194
0.5343377409272204,-1.7375606337591871,1.0982553552364245,-1.569514502546364,-0.25102515275887066,0.3022539162947219,-0.09016080847258898
-0.6313325982754354,-0.9403798812069183,-0.8643452334999441,0.4364060908344762,0.5804443633465041,0.9816670464879713,-0.35849654797434194
0.5048928735179409,-0.10260196070059882,0.8004240669695111,-0.4232741634715982,0.5815004211569681,1.6610801766812209,-0.35849654797434194
0.9915992112830914,1.5231300832775232,-0.5771290247447347,0.18722340842691837,0.9347869606842137,0.3871805575688781,-0.35849654797434194
0.3905775059289731,0.14467169865589194,-0.9032091858105551,1.6760899358120762,0.4814565445790056,0.5570338401171905,0.9831821495344228
1.105914578872059,1.6762921260132602,1.3089327802993187,1.0531332297931817,1.3497472763425609,1.1515203290362837,1.5198536285379287
-0.3455441793030161,0.8052983408172628,-1.0001950488901692,-0.560324638795755,-1.625589998858899,1.6610801766812209,-0.35849654797434194
1.2999042935684892,-0.3092784521030389,-1.1970380670484653,1.2711680768997948,-0.4751910239933764,1.6610801766812209,0.4465106705309169
0.36632879159191933,-0.09153000580403954,-1.664333589159334,1.6200238322703757,-0.7856720202698119,0.21732727502056576,0.4465106705309169
-0.8755517926700483,-0.12105521886153098,-1.5815011654286586,0.3242738837510752,-1.4141672252039932,1.6610801766812209,-0.35849654797434194
-0.357668536471543,1.4733062862430064,-0.8264093755728701,-0.20523931636498513,0.16118941259226982,-0.4620858551726837,-1.1635037664796009
-1.0002594664034676,1.2832377271854054,0.0490446546478704,1.0718219309737484,0.2357470940110329,-1.566132191736714,0.7148464100326699
-0.776824884297758,-1.2688478764715105,0.5665442823181925,-1.4386935942823962,1.622069383734228,0.8967404052138152,-0.6268322874760949
-1.5995491207335106,-1.4847509969544166,1.4730604714379363,0.8849349191680802,-0.0345333016137371,-1.3113522679142455,0.9831821495344228
1.1613402116424676,0.26277255088585766,1.1642080623665212,1.482973356946219,-1.1547994269540185,1.0665936877621276,2.3248608470431877
0.3039749547252097,1.3441334791164814,-1.480338877623128,-0.19278018224460725,1.0560928011795194,-1.1414989853659332,-1.9685109849848597
-0.6729018228532418,0.9676870126334657,-0.02592796977222614,0.9908375591912922,-0.7055524343826047,-0.9716457028176207,0.7148464100326699
-0.9309774254404569,-0.5362535274825043,-0.18170281145901088,-1.351479655439751,0.5510859562156031,1.1515203290362837,-0.6268322874760949
1.5995491207335106,1.399493253599278,1.6114335434334026,0.06263206722313949,-1.0428572990448275,0.21732727502056576,0.9831821495344228
-0.4633236489401344,0.6742802078746446,0.6368474318711186,-0.18032104812422936,-0.5441868009436954,1.23644697031044,-0.09016080847258898
0.46159159791605914,0.15574365355245123,0.4312165200187068,0.7665731450244903,-1.6751543120966792,0.3871805575688781,1.5198536285379287
1.4453965795908117,1.4917595444039387,-1.0180318628237706,-0.6849159799995339,0.31340254500715725,1.6610801766812209,-1.1635037664796009
1.1007184257998333,1.5711085544959469,0.9736006783476141,1.2960863451405504,1.688812237355557,0.4721071988430343,1.5198536285379287
-0.5880313226735537,0.635528365736687,0.8899851749808295,1.5203507593073526,-1.405225935742064,0.13240063374640956,2.3248608470431877
0.8426428232126182,0.9898309224265842,-0.2975115887547345,-1.3763979236805068,1.2478728995597939,-0.8017924202693084,-0.8951680269778478
0.9950633133312419,-0.9071640165172404,0.12219009325037852,0.29312604845013046,0.9453475387888544,-1.3113522679142455,-0.35849654797434194
-0.8530351293570698,0.593085871966543,-0.23791052756196912,0.9098531874088359,-0.23771882434702343,0.6419604813913466,0.7148464100326699
0.8391787211644677,-0.2723719357811746,-0.8296867088647351,-1.1708222106942716,0.20103799397378058,0.21732727502056576,-1.1635037664796009
1.3172248038092418,0.4509957841273656,-1.1961969815133848,-0.24884628578630774,-1.3008874240682142,0.7268871226655028,-1.1635037664796009
0.6625095167087903,1.6818281034615397,0.7367915957982569,-0.7596707847218012,-1.3005354047980595,0.21732727502056576,0.17817493102916399
0.10998524002877956,-1.6305317364257805,0.8568058007693825,1.4455959545850852,-1.1646559665183498,-0.5470124964468399,2.3248608470431877
-1.1422876503776398,-0.5897679761492075,-1.7361158891360222,0.7291957426633565,-1.1107266143306513,0.5570338401171905,-0.09016080847258898
0.3472762303270914,-0.7023328509308936,1.6362310652435312,0.9596897238903476,-0.8792387422769281,0.4721071988430343,1.5198536285379287
-1.646314498383543,0.19080484405822232,1.0975882873982574,-0.12425494458252885,-0.005949336877176375,1.4063002528587523,-0.09016080847258898
-0.01991858677686559,0.7148773758286953,1.5137516095661356,0.8288688156263797,1.4576763845719884,-0.6319391377209961,0.9831821495344228
0.7110069453828978,-1.4478444806325523,1.1701246640615692,-1.332790954259184,-1.4709831354069598,0.047473992472253396,0.17817493102916399
0.025114739849091395,0.3661107965870777,1.608881283878676,0.2183712437278631,0.10965379144162339,0.21732727502056576,0.7148464100326699
1.426344018325984,1.4714609604269133,-1.3520008261496552,1.4331368204647073,-0.1464754295229281,0.7268871226655028,0.4465106705309169
-0.5932274757457795,1.4456263990016083,1.201969902596682,-1.4262344601620183,-1.1214280001433539,0.8967404052138152,0.17817493102916399
1.2063735382684246,-1.4921323002187894,-0.14101167333081147,-0.02458187161950574,0.6738702776455585,-0.037452648801902785,-0.8951680269778478
-1.07993381351093,-0.9440705328391047,-0.9252804303690438,1.0967401992145043,-1.4659140579167322,-0.7168657789951522,1.5198536285379287
0.6573133636365645,1.6873640809098194,-1.088567035972581,1.3833002839831958,0.4006329201514891,0.8967404052138152,0.7148464100326699
0.8201261598996398,-1.4072473126785017,1.2996228335144633,-0.560324638795755,-0.9349281908153999,0.9816670464879713,0.17817493102916399
0.24508521990665053,0.2295566861961798,0.8883030039106687,-1.681646709629765,0.7155493592318736,1.321373611584596,-0.35849654797434194
1.5025542633852955,0.8569674636678728,0.211809207160668,-1.5445962343056083,-0.3997884963262421,-1.1414989853659332,-0.6268322874760949
0.16714292382326343,-1.0031209589540875,0.008788560761953963,1.2275611074784722,1.5539184530322803,0.811813763939659,0.9831821495344228
1.6168696309742634,1.62462300316265,-1.5662746169487551,0.3616512861122088,1.663889273028605,1.321373611584596,-0.8951680269778478
1.2514068648943817,-0.2022495547696324,0.36178345895034664,-1.2580361495369168,0.8131291009187533,1.4912268941329085,-0.35849654797434194
-0.3888454549048978,-1.3131356960577476,-0.8098776943661177,-0.672456845879156,0.08106982670506267,0.3871805575688781,-1.1635037664796009
0.9465658846571343,1.6449215871396754,1.467752931682084,0.26820778020937464,1.448946306672152,1.4912268941329085,0.4465106705309169
0.5707108124328011,1.2149606719899564,-1.295851115945668,0.7665731450244903,0.48680723748535687,-0.2922325726243713,-0.35849654797434194
-0.2468172709307258,-1.4330818741038067,-0.02195456569270845,1.009526260371859,-1.2825824220201705,-1.566132191736714,0.7148464100326699
1.6220657840464892,1.0304280903806349,-1.2502874823038994,1.6387125334509425,-1.323979888190362,-0.20730593135021513,0.9831821495344228
-1.376114538627801,-1.0215742171150197,1.289384792346071,0.2059121096074852,-0.5641814954884817,1.0665936877621276,0.7148464100326699
0.09612883183617742,0.04502410458685835,0.00913659615578033,0.9223123215292138,-1.2754716327630458,0.7268871226655028,1.2515178890361758
0.28838649550853224,-1.5382654456211198,0.7805860495214082,-1.6068919049074977,-1.185777122727631,0.7268871226655028,0.17817493102916399
-1.0227761297164462,1.1798994814841854,0.26189730092217933,0.29312604845013046,0.9979392177499649,0.7268871226655028,0.17817493102916399
-0.16021471972696236,1.3035363111624307,0.3675550458979672,-0.36097849286970873,-0.8574839513813683,-1.3113522679142455,-0.35849654797434194
0.35420443442339244,1.037809393645008,0.5064211680346876,0.8101801144458128,-1.1731044290020622,-1.7359854742850265,0.7148464100326699
-0.1307698523176828,1.3422881533003883,-0.5509973672582718,0.8101801144458128,-0.31502225607299306,-1.3113522679142455,0.17817493102916399
-1.7000080801298763,-0.30743312628694563,1.1138879450091255,-0.37343762699008665,0.5084212206728548,-0.9716457028176207,-0.6268322874760949
-0.20178394430476881,0.377182751483637,1.6315325874268753,1.246249808659039,-1.0277908742822068,0.811813763939659,2.0565251075414346
-1.2566030179666074,-0.14135380283855634,-0.07476893670585963,-1.5819736366667418,0.3626148389747827,1.4063002528587523,-0.6268322874760949
-0.7023466902625215,1.6910547325420058,0.5717938161750735,-1.0524604365506816,1.1972525285115496,0.5570338401171905,-0.35849654797434194
1.227158150557328,-1.5843985910234502,1.3410390453798011,1.3895298510433847,0.6571845642402262,1.4063002528587523,1.5198536285379287
1.4644491408556397,-0.8665668485631897,0.9771100352353633,1.6574012346315092,-1.6236890948000637,0.5570338401171905,2.3248608470431877
0.22256855659367203,1.0101295064036095,1.6337948174867467,1.4455959545850852,1.161698582225926,0.13240063374640956,1.7881893680396816
-0.312635209845586,1.1725181782198124,0.1617211133991567,-0.23015758460574093,0.6307831189786246,-0.5470124964468399,-0.6268322874760949
0.5949595267698549,-1.6951181399890431,-0.13495005688833558,0.7790322791448682,0.21195059134857594,0.21732727502056576,0.7148464100326699
1.0245081807405214,1.476996937875193,1.4002050623302833,-1.1583630765738937,1.3663625858938622,0.811813763939659,-0.35849654797434194
-0.9604222928497365,0.7536292179666528,1.6902055542361036,0.22460081078805205,-0.6284602142187279,-0.6319391377209961,0.7148464100326699
1.72425679446693,-0.10444728651669204,0.3255297720934334,-0.5977020411568886,0.6115628668281785,-1.566132191736714,-0.8951680269778478
-0.5568544042401989,0.26092722506976446,-0.06206564483119724,1.3957594181035737,-0.5218687792158881,0.047473992472253396,1.5198536285379287
0.8998005070071021,0.5284994684032805,1.6535168231369075,-1.0462308694904927,1.5478637215856197,-1.4812055504625579,-0.8951680269778478
-0.20871214840106989,0.3808734031158234,-1.152141501244864,-1.444923161342585,0.629234234189944,-1.2264256266400893,-1.4318395059813538
-1.253138915918457,-1.0012756331379944,1.069803461791119,1.1091993333348822,0.6227570796190977,0.8967404052138152,1.5198536285379287
-1.5008222123612203,-0.22808411619493743,1.5177540165951389,-0.4232741634715982,0.3145994105256832,0.4721071988430343,-0.09016080847258898
-1.698276029105801,0.5432620749320263,0.04727547472925304,-0.6163907423374555,-1.318206772159825,-0.2922325726243713,-0.09016080847258898
0.9482979356812097,-1.128603114448426,-0.04625903736158307,1.6698603687518871,0.23433901693041415,-0.5470124964468399,1.5198536285379287
-0.31783136291781183,-1.359268841460078,-0.7718838305400726,0.5983748343993888,-1.5741247815622836,0.6419604813913466,0.9831821495344228
-1.717328590370629,0.39748133546066233,1.1006626000437236,-0.6599977117587781,0.29136613869547373,-1.4812055504625579,-0.6268322874760949
-1.5493196410353278,0.01918954316155334,-0.8173024494344134,1.6075646981499978,-0.3469856058030388,0.4721071988430343,1.2515178890361758
0.6832941289976935,-0.7170954574596393,1.4355306548036597,0.4862426273159877,-1.6750135043886174,-0.2922325726243713,0.9831821495344228
0.37672109773637097,-0.8850201067241219,0.6668654845886428,1.1091993333348822,1.506677466977521,0.13240063374640956,1.2515178890361758
0.9777428030904892,1.4290184666567693,-0.7030018255119375,1.7196969052333988,-0.168089412710426,0.3022539162947219,1.2515178890361758
0.8080018027311129,-0.7337033898044782,1.1540280270971,0.28066691432975255,0.6940057798984066,0.047473992472253396,0.4465106705309169
-1.2427466097740054,-0.6728076378734021,1.1991276135470998,0.9846079921311033,0.6198705216038293,-1.1414989853659332,0.7148464100326699
1.220229946461027,-1.316826347689934,0.2245124990353304,1.1528063027562048,-0.33663623926049097,1.321373611584596,1.5198536285379287
-0.15328651563066129,1.537892689806269,0.08500831200992832,-0.8157368882635018,1.584544129535738,0.3022539162947219,-0.8951680269778478
1.1821248239313709,-1.1507470242415447,0.625391266824334,-1.1895109118748384,-1.2858209993055936,-1.4812055504625579,-0.35849654797434194
-1.2184978954369516,1.4640796571625405,-0.8476975404952495,1.6013351310898087,0.11007621456580903,-0.3771592138985275,0.9831821495344228
0.41482622026602683,-1.2836104830002562,-0.7132978725793008,-0.672456845879156,-1.045462241643972,0.9816670464879713,-0.6268322874760949
0.6313325982754354,-0.4273793043330046,-0.08503598082373745,-1.5009892648842857,1.732885049978924,-0.8867190615434646,-0.8951680269778478
-0.4719839040605107,0.8957193058058304,-1.4626470784369543,0.13738687194540683,-1.5256165261349675,1.0665936877621276,-0.09016080847258898
-0.46159159791605914,-0.5731600438043686,0.9553288201717299,-0.7970481870829349,-1.0556003966244272,1.4063002528587523,0.17817493102916399
1.5337311818186505,-0.7355487156205714,-0.6710115722293972,-1.6941058437501428,-1.1470550030106152,1.23644697031044,-0.6268322874760949
1.2687273751351344,-1.6471396687706195,-0.8657663780247351,0.6980479073624118,0.4812453330169128,1.4912268941329085,0.17817493102916399
-1.1630722626665428,-1.3832580770692897,-0.7242609874848314,0.36788085317239777,-1.2993385392795336,1.5761535354070646,0.17817493102916399
-0.28145829141223117,-0.038015557137336314,-0.48046219410946134,1.115428900395071,1.6840247752814532,-0.2922325726243713,0.7148464100326699
1.3102965997129408,-1.6655929269315517,-0.541832435220844,-1.1645926436340825,-0.8236196975924873,1.5761535354070646,-0.6268322874760949
0.8755517926700483,0.7831544310241442,1.6376232068188368,-1.588203203726931,-1.156489119450761,1.1515203290362837,0.17817493102916399
-1.6809555188650482,0.6576722755298057,0.2961787872140765,1.12165846745526,-1.3208821186130006,1.1515203290362837,2.0565251075414346
-0.2502813729788763,1.598788441737345,-1.450871880945829,-1.5570553684259862,0.7242794371317098,-0.037452648801902785,-1.7001752454831067
-1.344937620194446,1.4548530280820744,-1.231174538592935,-0.08064797516120624,-1.297930462198915,-0.9716457028176207,-1.4318395059813538
-0.3490082813511666,-0.7890631642872747,-1.1838127220830634,0.19345297548710733,0.08775819283800176,-1.2264256266400893,-1.1635037664796009
-0.3403480262307903,-1.316826347689934,-0.8780636286066,-1.3763979236805068,-0.7768715385159447,-0.4620858551726837,-0.6268322874760949
0.31783136291781183,-1.6323770622418738,-0.3010789515414547,-1.3203318201388063,-0.24264709412918906,0.7268871226655028,-0.6268322874760949
-1.582228610492758,0.36795612240317094,0.8808492458928874,-1.0649195706710595,-0.5749532851552152,1.23644697031044,-0.09016080847258898
-1.3968991509167041,-0.06938609601092097,-1.1763009581663109,-0.41081502935122033,-1.054544338813963,0.21732727502056576,-0.6268322874760949
-1.2029094362202741,-1.7227980272304413,0.9282400653522443,1.1714950039367718,-1.5186465445859048,-1.7359854742850265,1.2515178890361758
1.5649081002520053,0.2719991799663238,-0.9438423180397834,1.3646115828026288,-0.4504088673744863,1.4912268941329085,0.9831821495344228
0.6642415677328656,0.1391357212076123,-1.513025201693321,0.08755033546389526,-1.5016088119104178,-0.8867190615434646,-0.35849654797434194
0.2468172709307258,-0.877638803459749,-0.18007864628782116,0.07509120134351738,0.2816504068392043,-0.6319391377209961,0.17817493102916399
1.5389273348908763,-1.3518875381957052,-0.2077184571475318,0.03148423192219476,-0.5767133815059886,-0.037452648801902785,-0.35849654797434194
-0.14982241358251075,-0.45321386575830963,-0.49934311422454175,1.3272341804414953,-1.6916992177939496,-1.7359854742850265,0.7148464100326699
-0.24854932195480106,-0.9809770491609691,0.3055467398979028,-1.1895109118748384,1.2834972496994483,-1.3962789091884016,-1.1635037664796009
1.370918385555575,-1.4570711097130185,0.014009091669349466,0.6918183403022229,1.0629923788745514,0.13240063374640956,0.4465106705309169
1.1596081606183923,0.46206773902392484,-0.17662729529904303,1.127888034515449,-1.6682547344016474,-0.5470124964468399,1.7881893680396816
0.8772838436941236,-0.7466206705171308,-1.5204789597111024,-0.2986828222678193,-0.630572329839656,0.8967404052138152,-1.7001752454831067
-1.6186016819983386,0.34396688679395915,-0.9709020699097834,0.8164096815060018,-1.1995762781176948,-0.2922325726243713,0.7148464100326699
0.06841601545097312,0.273844505782417,1.4090219589738846,-1.2954135518980505,-1.1234697119102512,-0.3771592138985275,0.17817493102916399
1.2392825077258547,-0.7429300188849444,-0.160008605243834,1.6885490699324541,1.1236805010492197,-0.3771592138985275,1.2515178890361758
1.3553299263388978,-1.3205169993221204,-0.2766004621756669,0.34919215199183096,0.2843257532923799,0.4721071988430343,0.17817493102916399
0.6763659249013925,1.7242705972316836,1.6825197726224381,-0.27999412108725247,-1.4947796380694167,-0.2922325726243713,0.17817493102916399
0.18965958713624192,-0.2631453067007085,1.1691675667285468,-1.5508258013657972,1.691135564538578,-0.5470124964468399,-0.35849654797434194
-0.19485574020846774,-1.1839628889312226,0.4631777703517615,0.2744373472695636,-1.4214892260232106,1.6610801766812209,0.9831821495344228
-1.6411183453113172,0.12621844049495978,0.8868238534869066,-0.11179581046215097,-0.5710810731835136,-1.2264256266400893,-0.35849654797434194
1.6151375799501881,-1.6545209720349923,-1.682924479779559,-1.2455770154165389,1.0567968397198289,1.5761535354070646,-1.7001752454831067
-1.3258850589296183,0.47129436810439096,1.4996561761161677,0.6980479073624118,-0.26595076981342947,-1.3962789091884016,0.7148464100326699
-1.6030132227816611,1.427173140840676,1.5906094257027916,-1.2891839848378615,-1.2416073789741646,-1.4812055504625579,-0.35849654797434194
-0.6850261800217687,0.10961050815012086,1.153215944511505,-1.6442693072686314,0.38056782175267184,0.3022539162947219,-0.09016080847258898
-0.30570700574928494,1.451162376449888,0.4312745259176779,1.1839541380571494,0.6749967393100534,0.047473992472253396,1.5198536285379287
-1.433272222422285,0.12252778886277337,-0.31117197796241935,-0.9029508271061469,1.2293566859496572,0.9816670464879713,-0.8951680269778478
-0.35420443442339244,-0.23362009364321706,0.056034365473883276,-1.4262344601620183,-1.4323314195439751,-1.056572344091777,-0.35849654797434194
-0.3074390567733602,-0.27975323904554744,-1.7347817534596877,-0.778359485902368,-1.0313110669837537,0.811813763939659,-1.4318395059813538
-0.5222133837586935,0.015498891529366912,-0.4199910444321301,-1.345250088379562,-0.6161395397633138,0.9816670464879713,-0.35849654797434194
0.23122881171404838,-0.7558472995975968,-0.6220255905483361,-0.4232741634715982,-1.3958622231559492,0.047473992472253396,-0.35849654797434194
0.6434569554439623,-1.4330818741038067,1.107130257778997,0.3865695543529646,-0.9626673093035893,-1.2264256266400893,0.7148464100326699
1.0764697114627795,0.3015243930238152,-0.2746572645601364,-0.2426167187261188,0.4411151362192783,1.5761535354070646,-0.6268322874760949
-0.10478908695655376,-0.24469204853977636,1.4871849078373895,-0.3983558952308424,0.1355624097250085,-0.8017924202693084,-0.09016080847258898
-1.6965439780817257,-1.658211623667179,1.6323736729619556,-0.8032777541431239,-0.3707117046114648,0.6419604813913466,-0.09016080847258898
0.17233907689548925,0.34765753842614555,1.4198110561825021,-0.5977020411568886,-0.7012577992867175,-0.3771592138985275,-0.09016080847258898
-0.5343377409272204,-1.2430133150462055,-0.16430104176769253,-0.03704100573988363,-1.2445643408434641,-1.6510588330108702,-0.8951680269778478
-1.3345453140499945,1.6135510482660909,0.28884104099423724,1.2026428392377164,-0.603396442183714,0.21732727502056576,1.7881893680396816
0.5135531286383171,-0.6691169862412157,1.0844789542307975,-0.9527873635876585,-1.0450398185197864,-1.056572344091777,-0.09016080847258898
-1.1405555993535645,-0.2262387903788442,1.0354929725497364,-0.14917321282328463,-1.4982998307709636,1.5761535354070646,0.17817493102916399
1.2323543036295537,1.5194394316453368,0.31891709961073245,0.07509120134351738,-1.1279755585682312,0.9816670464879713,0.9831821495344228
1.3587940283870483,0.7849997568402375,1.2834971936005084,-0.6413090105782112,0.6352889656366045,0.3022539162947219,-0.35849654797434194
0.44773518972345694,1.2924643562658715,0.5360621824088998,0.342962584931642,1.5759548593439638,0.21732727502056576,0.17817493102916399
0.04763140316206989,-1.7357153079430938,1.6558080561462645,-1.47607099664353,-0.7553983630365086,-0.5470124964468399,0.17817493102916399
-0.15501856665473654,1.5895618126568791,-0.9188127726337705,0.6980479073624118,0.9248600172658515,-0.8867190615434646,0.17817493102916399
-0.44946724074753225,0.6023125010470092,0.09881371596504088,1.127888034515449,0.682389143983302,0.13240063374640956,1.2515178890361758
-1.5545157941075536,0.8994099574380168,-0.923047203258658,1.0469036627329928,0.17548139496055018,0.21732727502056576,0.7148464100326699
-0.6607774656847151,1.1282303586335753,-0.7196205155671465,-1.226888314235972,-0.05459840001255435,-1.3113522679142455,-1.1635037664796009
-0.09439678081210215,0.6835068369551106,-0.10037854110158313,-1.0836082718516264,-1.164303947248195,-1.3962789091884016,-0.8951680269778478
-0.04589935213799462,-0.65435437971247,0.08898171608944601,-0.4917994011336766,1.5443435288840728,1.4912268941329085,-0.8951680269778478
-0.7283274556236505,0.6964241176677631,-1.646844810619559,0.8662462179875133,0.16069658561405326,1.4063002528587523,-0.35849654797434194
-1.6636350086242957,0.7517838921505595,-0.2789497010839949,-0.26130541990668565,1.6260119995599605,-0.6319391377209961,-0.8951680269778478
-0.07880832159542472,0.9769136417139318,-0.4793890849784967,0.46132435907523195,-1.3152498102905257,-0.037452648801902785,0.4465106705309169
-0.19312368918439246,-1.410937964310688,0.7855165509339483,-1.5196779660648525,0.017424742661094957,-1.056572344091777,-0.35849654797434194
-1.3882388957963279,1.1614462233232532,0.8245545209414725,0.455094792015043,-0.6710545459074452,0.4721071988430343,0.7148464100326699
0.9327094764645322,-0.18010564497651385,1.2769425270167785,-1.5072188319444746,-1.069469955868522,-0.9716457028176207,-0.09016080847258898
1.6705632127205967,-1.6213051073453144,-0.22018972542630993,0.7852618462050571,-1.4174762063434472,1.1515203290362837,1.2515178890361758
-0.11864549514915591,-0.9625237910000368,0.9957589317545595,-1.1147561071525711,-0.9204954007390577,-1.2264256266400893,-0.09016080847258898
-1.1890530280276719,-0.6672716604251225,-1.1297802271915198,-1.2642657165971058,0.06903076766577232,-0.20730593135021513,-1.1635037664796009
-0.7110069453828978,-1.514276210011908,1.4379669025604442,-1.6380397402084423,-0.9186649005342533,-0.037452648801902785,0.17817493102916399
-0.2693339342437043,-1.2485492924944852,0.019577657970571337,-1.2704952836572947,0.08339315388808362,-0.6319391377209961,-0.6268322874760949
-0.91885306827193,-0.047242186217802386,-1.2720106914685618,0.26820778020937464,0.9992064871225218,-0.7168657789951522,-0.8951680269778478
0.6001556798420806,-1.0603260592529773,0.6083085295773565,-0.13671407870290675,0.7148453206915643,0.047473992472253396,-0.35849654797434194
1.3484017222425968,-0.47351244973533496,0.2732664571205073,0.5049313284965545,1.5197725838272755,-0.12237929007605897,0.17817493102916399
1.1284312421850375,1.7168892939673108,-1.6546756069806523,1.2088724062979053,0.0633984593432973,-0.8017924202693084,0.17817493102916399
-1.511214518505672,-1.0898512723104687,1.6904665807814734,0.03771379898238371,1.186551142698847,1.1515203290362837,0.4465106705309169
1.5077504164575215,1.1983527396451175,-0.2593147042822907,-0.9340986624070917,-0.010103164265001702,-1.3962789091884016,-1.1635037664796009
0.08227242364357526,-0.8388869613217915,0.4928767906249448,-0.38589676111046456,0.623531522013438,-1.566132191736714,-0.8951680269778478
-1.4020953039889301,-0.7521566479654104,0.38832115772960707,-0.4668811328929208,0.11880629246564531,-1.566132191736714,-0.8951680269778478
-1.298172242544414,-1.0105022622184605,0.7631842798300899,1.3833002839831958,0.4172482297027904,-1.3962789091884016,0.9831821495344228
0.5481941491198226,1.3109176144268035,-1.6541535538899128,-0.678686412939345,-0.9243676127107592,-1.6510588330108702,-2.236846724486613
-1.1907850790517474,-0.7724552319424357,-1.4380525772732244,0.03148423192219476,-1.0032199292254096,0.6419604813913466,-1.4318395059813538
-0.9275133233923064,1.10793177465655,0.6862104518954917,1.6262533993305646,1.2461832070630514,-1.2264256266400893,1.5198536285379287
-0.6330646492995107,0.3753374256675438,-0.12781533131489506,-0.11802537752233991,0.017143127244971204,-0.4620858551726837,-0.6268322874760949
-1.6844196209131987,1.5471193188867352,-1.2413255709128705,-0.30491238932800824,-1.2657559009067763,-0.8867190615434646,-1.1635037664796009
-1.6324580901909407,-0.20594020640181884,1.5381140871339813,-0.38589676111046456,0.7879949250297086,0.3871805575688781,-0.35849654797434194
-1.4124876101333816,-0.2004042289535392,-0.0020585423456344733,0.8537870838671354,1.3060968868433793,-0.037452648801902785,0.4465106705309169
-0.9136569151997043,-1.2909917862646292,-1.0663507766666644,-1.4324640272222073,-1.400790492938115,-0.6319391377209961,-0.6268322874760949
0.9967953643553171,-0.5011923369767332,-1.5660425933528708,-0.6163907423374555,-0.5489742630177992,-1.2264256266400893,-1.9685109849848597
1.634190141215016,1.4751516120590997,-0.7682004559554102,0.31804431669088623,1.36319441246247,0.811813763939659,-0.35849654797434194
-1.6896157739854247,0.8477408345874067,-0.3160444734759885,1.5016620581267857,0.9991360832684908,-1.7359854742850265,0.4465106705309169
0.3975057100252742,-0.6894155702182411,-0.5127714798363424,-0.1554027798834736,1.1481106383979551,-1.3113522679142455,-1.4318395059813538
-0.39923776104934944,1.1134677521048297,-0.9525722058349281,-1.4698414295833409,-0.6130417701859525,1.4912268941329085,-0.8951680269778478
-0.17233907689548925,-1.3020637411611884,-0.028654247023866014,1.6137942652101867,0.20286849417858496,-0.20730593135021513,1.5198536285379287
-0.9708145989941881,-0.6709623120573089,-0.5146856745023874,-1.363938789560129,1.3568580655996856,-0.4620858551726837,-1.1635037664796009
0.6261364452032097,-1.5511827263337723,-0.47419755702058675,1.1091993333348822,1.1943659704962812,-1.7359854742850265,-0.09016080847258898
-0.12384164822138172,-0.2908251939421067,1.136597254456296,-0.9091803941663359,-1.2880739226345836,-0.8017924202693084,0.17817493102916399
1.1959812321239731,0.037642801322485486,1.5867520334212162,1.2711680768997948,-0.2743288284431111,-0.8867190615434646,1.7881893680396816
-0.8946043539348763,1.528666060725803,-0.31595746462753194,1.1528063027562048,1.2211898388820686,-0.7168657789951522,0.9831821495344228
1.066077405318328,0.8311329022425678,-0.6994054597757317,1.2960863451405504,0.3250895847762929,0.5570338401171905,0.7148464100326699
0.7993415476107365,1.013820158035796,1.101561691477775,1.015755827432048,-1.3274296770378777,-0.12237929007605897,1.5198536285379287
-1.2825837833277365,0.5082008844262552,1.4053385843892223,1.1839541380571494,-0.40464636225437683,0.3022539162947219,1.7881893680396816
0.03204294394539247,-0.9108546681494268,-0.15461405663952532,-1.681646709629765,-1.6522026556825935,0.9816670464879713,-0.09016080847258898
-0.44773518972345694,-1.5714813103107976,-0.7981895057234488,0.7416548767837344,0.5473545519519634,-0.12237929007605897,0.17817493102916399
0.3230275159900376,0.4270065485181538,1.4167077405875503,-0.672456845879156,-0.8153120428168367,0.5570338401171905,0.17817493102916399
0.9015325580311774,1.6726014743810738,-1.4458253677353465,0.6419818038207113,1.5019604087574483,-1.4812055504625579,-0.8951680269778478
1.4488606816389622,1.0544173259898468,0.03068578762352955,0.5983748343993888,1.1997870672566635,-1.6510588330108702,-0.35849654797434194
0.44427108767530643,-1.5659453328625181,-1.6835045387692698,-0.08687754222139518,-0.5698842076649877,1.4912268941329085,-1.7001752454831067
0.5100890265901666,0.6041578268631024,1.0902215382289326,0.8288688156263797,1.546314836796939,1.4063002528587523,0.9831821495344228
-1.5319991307945753,-0.16903369007995456,0.2933945040634655,-0.09933667634177308,1.480698444840105,-0.12237929007605897,-0.6268322874760949
0.1913916381603172,-0.7004875251148004,-1.5591978972742857,-1.015083034189548,1.223865185335244,1.321373611584596,-1.7001752454831067
-0.5118210776142419,-0.34433964260880995,-0.4268067375612298,0.2557486460889968,-1.6818426782296183,-0.8867190615434646,0.7148464100326699
-1.4696452939278655,1.392111950334905,-0.9048043480322592,1.0406740956728038,-0.9241564011486664,-0.8017924202693084,1.2515178890361758
0.6555813126124892,0.20003147313868838,0.7143143099469708,1.1652654368765827,0.905076534283158,-0.6319391377209961,1.5198536285379287
-1.4800376000723172,1.6430762613235823,-1.4963485057391408,0.8973940532884581,0.32206221905296256,1.6610801766812209,-0.35849654797434194
-1.4453965795908117,1.4327091182889558,1.2126429880073573,0.05640250016295054,-1.4149416675983335,0.047473992472253396,0.9831821495344228
-0.8443748742366936,0.2793804832306966,0.7204339322884178,-1.444923161342585,-1.2646294392422814,-0.6319391377209961,0.17817493102916399
-1.6913478250095,0.9400071253920674,-1.604152468976858,0.44263565789466514,1.0771435535347698,0.5570338401171905,-0.8951680269778478
0.6451890064680376,-0.24284672272368316,1.1100015497780644,0.8350983826865687,0.0346736868986747,1.5761535354070646,1.2515178890361758
-0.4893044143012634,0.45653176157564523,-1.6392170349048645,-0.8219664553236906,-1.592993014442575,1.4912268941329085,-0.8951680269778478
-0.05455960725837097,1.6080150708178111,-0.8171574346869858,1.3210046133813063,0.6643657573513819,0.4721071988430343,0.7148464100326699
-1.4679132429037902,-1.7172620497821616,-0.9993249604056034,-1.4200048931018294,1.6836023521572676,-0.037452648801902785,-1.1635037664796009
-0.9482979356812097,1.5914071384729722,1.4331234099963606,-1.0711491377312485,1.676491562900143,0.3022539162947219,-0.35849654797434194
-0.9950633133312419,-1.0308008461954858,-1.6797051523866653,0.21214167666767417,1.3940313005280207,1.23644697031044,-0.8951680269778478
0.7872171904422096,-1.5936252201039163,0.6047991726896074,-0.1554027798834736,-0.7349108415135057,-0.8867190615434646,-0.09016080847258898
0.4893044143012634,-0.8093617482643001,-1.1778961203880152,-0.6849159799995339,-0.20498103222263736,0.3022539162947219,-1.7001752454831067
-1.0089197215238441,-0.22070281293056457,-0.8503658118479184,-0.8406551565042575,0.7549051136351678,1.6610801766812209,-1.1635037664796009
-1.5164106715778978,0.11330115978230729,-1.2773472341738994,-1.2954135518980505,1.2599119585990843,0.047473992472253396,-1.7001752454831067
0.7421838638162527,1.3533601081969475,0.04304104410436557,1.0780514980339375,-0.6347261572274814,-0.5470124964468399,1.5198536285379287
-0.7127389964069731,-0.6266744924710718,0.7877497780443342,-0.9714760647682253,0.9316187872528215,0.21732727502056576,-0.35849654797434194
-0.615744139058758,1.4216371633923965,-1.3223308088259573,-0.49802896819386555,0.07945053806235111,0.5570338401171905,-1.7001752454831067
-0.45985954689198383,0.05978671111560407,0.38672599550790293,-0.2924532552076304,-1.2196413765165122,0.3871805575688781,0.17817493102916399
1.1925171300758226,-0.15611640936730206,-0.9285867666103943,1.1964132721775274,-1.0312406631297226,1.4912268941329085,1.2515178890361758
0.9448338336330591,0.13175441794323944,0.010615746579542389,-0.9216395282867138,-0.4497752326882079,1.321373611584596,-0.35849654797434194
1.1422876503776398,-1.512430884195815,0.9018183783709259,-0.7347525164810454,1.5956679384726262,-0.6319391377209961,-0.35849654797434194
1.466181191879715,0.7001147692999495,-0.7830789690414874,0.791491413265246,-0.33142635406220156,-0.8867190615434646,0.4465106705309169
0.20524804635291935,-0.6082212343101396,1.1581464459240451,-1.251806582476728,0.7239978217155861,-0.20730593135021513,-0.35849654797434194
1.4973581103130698,-1.307599718609468,-0.3548504198876284,-1.363938789560129,1.5625781270780856,-0.12237929007605897,-0.8951680269778478
-1.0435607420053494,-1.4736790420578574,-1.1193391653767288,-0.37343762699008665,-0.7049892035503572,-0.7168657789951522,-0.8951680269778478
-1.672295263744672,-0.39231811382723353,0.5460972029308935,0.6918183403022229,0.2592619812573661,-0.8867190615434646,0.9831821495344228
-1.5077504164575215,0.30521504465600163,0.5512597279393179,1.5764168628490531,1.2880735002114594,0.047473992472253396,1.7881893680396816
1.589156814589059,0.9307804963116014,1.0860451135030162,-0.1740914810640404,0.11866548475758343,0.8967404052138152,-0.09016080847258898
0.27106598526777953,0.5155821876906281,0.9736296812970997,1.246249808659039,1.2890591541678924,0.3022539162947219,1.5198536285379287
0.5516582511679731,0.29598841557553557,-1.3217797527857322,1.5390394604879194,-0.673589084652559,-1.6510588330108702,-0.09016080847258898
1.6428503963353924,0.5912405461504499,1.199562657789383,1.3770707169230068,1.2627281127603218,0.5570338401171905,1.5198536285379287
-1.2375504567017794,1.1596008975071601,1.3573677059401548,-1.5819736366667418,0.10549996405379806,1.23644697031044,-0.09016080847258898
0.9881351092349409,0.1409810470237055,-1.1346237197556035,-0.9154099612265248,-0.7542014975179827,-1.1414989853659332,-1.1635037664796009
0.27279803629185484,-0.13950847702246313,-0.5747797858364068,-1.457382295462963,-1.1170629611934357,1.321373611584596,-0.6268322874760949
-1.0747376604387042,0.4786756713687638,-1.3462582421515201,0.19345297548710733,-0.03397007078148959,1.1515203290362837,-0.8951680269778478
1.6896157739854247,1.4179465117602101,0.4426726850654914,1.6013351310898087,-0.35768699161574136,1.1515203290362837,2.0565251075414346
0.15501856665473654,-1.4644524129773913,-1.659577105443707,-0.37343762699008665,1.4626750582081849,-1.2264256266400893,-1.9685109849848597
-1.6307260391668654,1.5655725770476672,-0.5712994318981431,-0.33606022462895296,-1.092210400720515,1.4912268941329085,-0.6268322874760949
0.3351518731585645,-0.6432824248159107,0.4316805672104753,-0.04950013986026152,0.05009213093145007,-0.8867190615434646,-0.09016080847258898
-1.363990181459274,-1.573326636126891,0.8177388278123728,1.7072377711130209,-0.7713096340475005,-1.3962789091884016,1.5198536285379287
-0.8235902619477903,-0.35725692332146247,1.6946430055073898,1.5514985946082973,1.0797484961339145,-0.8867190615434646,1.7881893680396816
-1.1266991911609623,-0.8924014099884947,-0.3304589393702972,-1.2144291801155942,-0.4651232728669523,-1.1414989853659332,-0.6268322874760949
0.6018877308661559,-1.3389702574830527,-0.24930868670978265,0.4177173896539093,-0.4506904827906101,-0.9716457028176207,0.17817493102916399
-0.9881351092349409,0.5506433781963992,0.9609263894224372,0.7042774744226008,-1.2269633773357296,-1.1414989853659332,1.2515178890361758
0.8495710273089193,-1.3057543927933748,-1.00324035858615,0.08755033546389526,0.8333350070256325,-0.2922325726243713,-0.35849654797434194
1.3847747937481774,1.6652201711167007,-1.4682736506371472,0.8600166509273244,0.48877854539822313,1.4063002528587523,-0.35849654797434194
-1.7104003862743278,-0.45874984320658924,0.4936598702610542,0.7042774744226008,0.9072590537581171,-0.2922325726243713,0.9831821495344228
0.8564992314052204,-0.4790484271836146,0.8681749569677105,1.2088724062979053,-0.8666364524053902,0.6419604813913466,1.7881893680396816
-0.7352556597199515,-0.10629261233278525,1.4002050623302833,0.23705994490842994,1.2213306465901304,-1.3113522679142455,0.17817493102916399
-0.28492239346038173,-0.4753577755514282,0.627247455591408,-1.1147561071525711,-0.9496425963078658,1.321373611584596,-0.09016080847258898
0.9171210172478548,1.2887737046336851,-0.8340081483380791,0.9970671262514812,1.4124067064300954,0.9816670464879713,0.17817493102916399
-1.3362773650740698,1.0267374387484485,-1.369808637133771,-1.6629580084491982,1.5836992832873669,0.5570338401171905,-1.7001752454831067
0.8703556395978226,0.1889595182421291,0.8931754994242379,1.6324829663907536,-0.6729554499662805,-0.8017924202693084,2.0565251075414346
1.1682684157387688,1.2352592559669817,1.1793766049474537,0.673129639121656,-1.1890157000130541,0.047473992472253396,1.5198536285379287
-0.8998005070071021,1.5397380156223623,-0.6107144402489791,-0.018352304559316794,-0.7283632830886285,-1.7359854742850265,-1.4318395059813538
0.29358264858075805,0.9418524512081606,1.4751776867503799,-1.4823005637037188,0.4250630575002245,1.5761535354070646,-0.09016080847258898
-1.5943529676612849,-0.023252950608590596,0.8440155000462636,-1.0275421683099257,-1.6876861981141862,0.13240063374640956,0.17817493102916399
-1.150947905498016,1.2334139301508886,0.5252730852002825,1.6636308016916983,0.6616200070441753,-0.9716457028176207,1.5198536285379287
1.504286314409371,-0.7078688283791732,1.305017382118772,0.679359206181845,-0.3305815078138303,0.21732727502056576,1.2515178890361758
-1.0245081807405214,1.0950144939438975,-1.2970112339250892,-0.678686412939345,-1.066090570875037,0.13240063374640956,-1.1635037664796009
-1.7207926924187795,0.3421215609778659,1.2696627866959103,-1.451152728402774,-1.0946745356115977,0.3871805575688781,0.17817493102916399
-0.5533903021920483,1.2260326268865158,0.3941797535256843,-0.01212273749912785,-1.1633182932917618,0.4721071988430343,0.17817493102916399
-0.09786088286025268,0.9842949449783046,1.2179795307126948,-0.8718029918052023,-1.205138182586139,-1.2264256266400893,-0.09016080847258898
-1.3951670998926289,0.6392190173688734,-1.6010491533819062,0.47378349319560986,0.2710194248805327,1.4912268941329085,-0.8951680269778478
-0.1861954850880914,-0.07123142182701418,-0.43730580527499185,-0.1304845116427178,1.138183694979593,-0.9716457028176207,-1.1635037664796009
-1.1474838034498656,0.6816615111390174,0.26801692326362625,1.0282149615524259,-0.7959509829583288,0.811813763939659,0.9831821495344228
1.0418286909812742,-1.0289555203793925,-0.1287144227489465,-0.7596707847218012,-0.6531015631295561,-1.1414989853659332,-0.6268322874760949
-1.551051692059403,1.0451906969093807,0.7575577076298968,-0.4357332975919761,-1.2918757307522541,-1.4812055504625579,-0.35849654797434194
-0.07014806647504838,-1.1046138788392144,-0.34846977100081167,1.345922881622062,-1.4283888037182426,0.9816670464879713,1.7881893680396816
-1.485233753144543,-0.6229838408388854,-1.495043373012292,0.9596897238903476,-0.5719259194318849,-0.037452648801902785,-0.35849654797434194
-1.1821248239313709,-0.7355487156205714,0.16621657056941394,0.07509120134351738,1.0870704969531322,-1.2264256266400893,-0.35849654797434194
-0.8738197416459731,-0.5491708081951567,0.7044243041724049,-1.6255806060880644,1.4397234017940992,1.23644697031044,-0.35849654797434194
-1.3847747937481774,-0.6211385150227922,-0.4600151147221623,1.6636308016916983,1.0786924383234504,0.21732727502056576,0.9831821495344228
-0.7647005271292311,0.30706037047209483,-1.7090851402155076,-1.444923161342585,0.9949118520266346,-0.7168657789951522,-1.7001752454831067
-0.23296086273812364,-0.5565521114595297,1.47245140949874,-0.4232741634715982,0.7503992669771878,-0.9716457028176207,-0.6268322874760949
-1.0019915174275429,0.5192728393228145,-0.16035664063766036,0.5049313284965545,-0.022705454136539557,0.6419604813913466,0.17817493102916399
-1.421147865253758,-1.6028518491843824,1.3688818768859103,-1.569514502546364,-0.9411941338241533,1.4912268941329085,0.17817493102916399
1.660170906576145,0.7794637793919578,0.10629647693230776,0.8288688156263797,0.57262953554907,1.1515203290362837,0.7148464100326699
1.620333733022414,-0.8407322871378847,-1.3559742302291728,0.8475575168069465,1.0902386703845244,-0.2922325726243713,-0.35849654797434194
-1.731184998563231,0.7960717117367967,-0.10916643479569889,1.6387125334509425,-0.5172221248498463,-0.12237929007605897,1.7881893680396816
-0.6971505371902956,-1.1544376758737311,-0.3803440124854098,-0.19278018224460725,-0.36486818472689697,-1.566132191736714,-1.1635037664796009
1.4713773449519407,1.5729538803120402,0.6589766823285784,-1.3826274907406957,1.2526603616338976,-0.4620858551726837,-0.35849654797434194
-1.0903261196553817,-0.18379629660870028,1.6321126464165858,-0.02458187161950574,1.6202388835294237,-1.056572344091777,-0.6268322874760949
0.3801851997845215,-0.3757101814823946,1.3931283426558139,-0.3111419563881972,1.6589610032464392,-0.2922325726243713,-0.35849654797434194
1.6809555188650482,-0.40523539453988605,-0.009512300363415832,-0.06818884104082835,1.1779618725070726,1.6610801766812209,-0.8951680269778478
-1.092058170679457,-0.6340557957354447,0.9316334104420514,0.8101801144458128,-0.9932929858070473,0.6419604813913466,1.5198536285379287
0.8513030783329946,-1.3112903702416545,-1.1756048873786582,1.2213315404182832,-0.8577655667974922,-0.8017924202693084,0.9831821495344228
-0.13943010743805914,-1.6895821625407634,-0.101683673828432,-0.5790133399763219,0.10740086811263339,1.4912268941329085,-0.6268322874760949
-1.1544120075461666,1.296155007898058,-1.0876099386395583,-1.0711491377312485,1.6305178462179406,1.0665936877621276,-1.1635037664796009
0.9413697315849086,1.1909714363807447,1.0323316510558136,-1.6255806060880644,1.2621648819280742,-1.566132191736714,-0.8951680269778478
0.9985274153793924,0.7776184535758646,0.2262236730549767,0.44886522495485404,1.5527215875137543,-1.3113522679142455,-0.35849654797434194
-0.13250190334175807,0.49528360371360275,0.7155034308758775,0.40525825553353145,0.4982126618383688,-0.9716457028176207,0.17817493102916399
-0.05109550521022043,0.3919453580123827,-0.730467618674735,0.18099384136672944,-1.2382279939806797,0.9816670464879713,0.17817493102916399
-0.2572095770751774,0.3568841675066116,0.584178075605395,0.7478844438439234,-1.0314518746918155,0.13240063374640956,1.5198536285379287
-0.9933312623071666,-0.13028184794199704,1.3151684144387077,1.4269072534045184,-0.929084670930832,-1.1414989853659332,2.0565251075414346
1.6099414268779624,0.14651702447198514,0.288667023297324,-1.1708222106942716,-1.5114653514747491,1.4912268941329085,0.17817493102916399
-0.29877880165298387,-0.3332676877122507,1.1875844396518587,0.21214167666767417,1.1712031025201026,-0.20730593135021513,0.4465106705309169
-1.3137607017610913,0.943697777024254,0.08080288433452638,-1.6941058437501428,-1.0256083548072477,-0.9716457028176207,-0.6268322874760949
-0.42002237333825265,-1.5253481649084673,0.010006684640346247,1.015755827432048,1.6415712513007978,-0.2922325726243713,0.4465106705309169
-0.5793710675531774,-0.9182359714137998,-0.10136464138409117,0.9970671262514812,0.5091956630671951,0.4721071988430343,0.7148464100326699
0.4182903223141774,1.1983527396451175,1.381817192356457,1.4642846557656521,0.7743365773477067,1.1515203290362837,1.7881893680396816
-0.04416730111391935,0.9049459348862964,1.021803580392566,-1.1521335095137046,-0.6262776947437688,0.21732727502056576,-0.09016080847258898
1.7207926924187795,0.9031006090702032,0.49508101478584515,-1.3265613871989952,-0.09958646273832357,0.21732727502056576,-0.09016080847258898
1.3068324976647903,1.2832377271854054,-0.7368772705110371,0.9783784250709143,-0.5925542486629496,-0.6319391377209961,0.4465106705309169
-1.5908888656131344,1.1263850328174823,-0.5319424294462781,0.9970671262514812,0.0034847795629692822,-1.4812055504625579,-0.09016080847258898
0.5083569755660914,0.32182297700084056,1.4805722353546886,-0.8095073212033128,-1.3470019484584785,-0.4620858551726837,0.17817493102916399
0.09786088286025268,0.652136298081526,-0.8239441248666,-0.8157368882635018,0.7221673215107818,-0.12237929007605897,-1.1635037664796009
0.828786415020016,1.443781073185515,1.4008141242694796,-1.5072188319444746,1.0762283034323676,-0.8017924202693084,-0.35849654797434194
-1.6619029576002204,1.253712514127914,-1.4277275272563754,1.4892029240064077,-0.2993926004781249,-0.5470124964468399,0.4465106705309169
-1.0782017624868547,1.2500218624957276,-0.6968532002210049,-0.36097849286970873,0.1359848328491941,1.5761535354070646,-1.1635037664796009
-0.42868262845862903,0.6466003206332464,1.5943218032369395,0.2868964813899415,1.3001125592507496,0.3871805575688781,0.4465106705309169
-1.2098376403165751,-0.2612999808846153,-0.04347475421097214,-1.0462308694904927,-1.3524230452188606,0.21732727502056576,-0.09016080847258898
1.2236940485091774,-0.9532971619195708,-0.8301507560565036,-1.2954135518980505,-0.7337139759949798,1.4912268941329085,-0.6268322874760949
1.4817696510963925,-0.327731710263971,1.0957320986311834,-0.1740914810640404,-0.46948831181687045,-1.3113522679142455,-0.35849654797434194
0.2537454750270269,1.6799827776454466,0.009397622701150105,-1.1147561071525711,-0.2875647530009273,-1.7359854742850265,-1.1635037664796009
-0.7213992515273494,-0.611911885942326,0.40908726956124697,-0.8842621259255801,1.5306147773480399,-1.2264256266400893,-0.8951680269778478
1.4124876101333816,0.2683085283341373,0.5629769195314722,0.7291957426633565,0.48920096852240874,1.4063002528587523,0.9831821495344228
-1.6289939881427902,-0.06754077019482775,0.7829062854802507,-0.23015758460574093,-0.7164650317574001,-0.9716457028176207,-0.35849654797434194
-1.2323543036295537,0.9658416868173725,-0.3164795177182715,0.455094792015043,-0.36951483909293886,0.21732727502056576,0.17817493102916399
1.4748414470000912,-1.7191073755982549,-0.47837398174650314,-0.7347525164810454,0.9042316880347867,1.6610801766812209,-1.1635037664796009
-1.5060183654334462,-1.7043447690695093,-1.6480919374474368,1.470514222825841,-1.277231729113819,0.7268871226655028,0.9831821495344228
1.5302670797705,-1.6102331524487552,0.12190006375552322,-1.139674375393327,-1.3832599332844113,-0.8017924202693084,-0.09016080847258898
-0.012990382680564516,-0.5989946052296736,1.4777009433556212,-0.8157368882635018,-1.139451386775274,1.321373611584596,0.17817493102916399
-0.47371595508458597,1.1743635040359057,-0.5216463823789148,0.29312604845013046,0.012707684441022127,-1.3113522679142455,-0.35849654797434194
0.08920062773987635,0.21294875385134088,-1.0659157324243815,-0.14917321282328463,1.5171676412281307,1.23644697031044,-1.1635037664796009
1.1907850790517474,0.1778875633455698,0.09623245346082865,-1.2455770154165389,-0.6823191625523952,0.3022539162947219,-0.35849654797434194
0.5689787614087258,-1.300218415345095,-0.9508320288657962,-1.015083034189548,-1.3154610218526184,-0.8017924202693084,-0.6268322874760949
1.4436645285667364,-0.9090093423333336,-0.4083318587389468,-1.2954135518980505,-0.24750496005732378,0.047473992472253396,-0.6268322874760949
0.0580237093065215,0.987985596610491,1.2757534060878717,-0.7160638153004786,0.45695600337623926,-0.9716457028176207,-0.35849654797434194
-0.6278684962272849,-1.5105855583797216,-0.775074154983481,1.034444528612615,0.4728672743872312,-0.6319391377209961,0.7148464100326699
1.2566030179666074,-0.010335669895938093,-0.4634084598119694,-1.1770517777544605,-1.0575013006832625,-1.3962789091884016,-1.1635037664796009
-1.3674542835074246,0.9492337544725336,-0.6940689170703941,-0.3422897916891419,1.3782608372250906,-0.3771592138985275,-1.1635037664796009
-1.492161957240844,0.5451074007481195,1.5893332959254283,-0.6599977117587781,-0.7951061367099576,0.13240063374640956,0.17817493102916399
0.03723909701761828,-0.3295770360800642,0.5090894393873564,0.7728027120846792,-1.6656497918025026,1.23644697031044,1.5198536285379287
0.3403480262307903,1.4566983538981675,0.9083440420051704,0.3118147496306973,-1.6460071165278711,-0.9716457028176207,0.7148464100326699
1.4627170898315645,-1.342660909115239,1.5885212133398334,-0.030811438679694686,0.6910488180291072,-1.7359854742850265,-0.8951680269778478
1.4800376000723172,0.3531935158744252,-0.7069462266419696,0.9721488580107254,1.5019604087574483,1.1515203290362837,0.17817493102916399
0.35074033237524194,-1.0437181269081384,0.3556348336594141,-1.6193510390278756,-0.003062778861907928,0.21732727502056576,-0.09016080847258898
1.421147865253758,-0.2889798681260135,-1.7185981076467616,0.9285418885894028,0.18209935723945833,0.13240063374640956,-0.35849654797434194
-0.03723909701761828,-1.3445062349313324,0.20676269395018568,1.2151019733580943,0.26510550114193393,0.21732727502056576,1.2515178890361758
0.2572095770751774,-0.062004792746548104,-1.0308801694458607,0.10000946958427315,1.528009834748895,1.5761535354070646,-0.35849654797434194
1.4315401713982097,0.7222586790930682,-1.4317299342853786,-1.6068919049074977,1.1319881558248703,0.4721071988430343,-1.7001752454831067
0.9344415274886074,-0.32219573281569136,-0.8396637234877575,-1.5009892648842857,1.3693899516171923,-0.20730593135021513,-1.1635037664796009
-1.033168435860898,1.7039720132546583,0.980155344931344,-0.9154099612265248,-0.09374294285375574,0.7268871226655028,-0.09016080847258898
1.1024504768239085,1.0193561354840757,-0.21215590841881798,-0.27999412108725247,0.6304310997084699,-0.20730593135021513,-0.8951680269778478
0.5464620980957473,0.4915929520814163,0.10011884869188975,0.9347714556495917,-1.5606776454423745,-1.7359854742850265,0.4465106705309169
1.0678094563424032,-0.14688978028683597,0.35331459770057166,1.034444528612615,-0.5956520182403109,1.23644697031044,1.7881893680396816
-1.1388235483294893,0.764701172863212,1.1249670717125981,-0.890491692985769,1.2242876084594296,0.3022539162947219,-0.35849654797434194
-1.1925171300758226,1.124539707001389,-0.8436081246177897,-0.9029508271061469,0.6151534633837564,-1.1414989853659332,-1.4318395059813538
0.9794748541145645,-0.15796173518339526,0.8681459540182249,0.34919215199183096,-0.7713096340475005,-1.3113522679142455,0.4465106705309169
-0.3195634139418871,0.2922977639433491,0.05267002333356172,-1.2081996130554051,0.9268313251787178,0.3022539162947219,-0.8951680269778478
0.8443748742366936,-0.7706099061263425,0.6981886700330158,0.18722340842691837,-0.817142543021641,1.1515203290362837,0.7148464100326699
0.7491120679125537,1.3293708725877358,0.9488611624364566,0.04394336604257265,-1.3286265425564037,-0.9716457028176207,0.7148464100326699
0.4338787815308548,0.45837708739173844,0.10864571584063575,-1.0275421683099257,-1.057008473705046,-0.20730593135021513,-0.35849654797434194
-1.0695415073664785,0.8643487669322457,-0.053451768833994655,0.7852618462050571,-1.246958071880516,0.8967404052138152,1.2515178890361758
-0.2537454750270269,-1.1821175631151295,1.257133512518161,0.29312604845013046,1.2117557224419229,0.6419604813913466,0.4465106705309169
0.10825318900470429,0.47313969392048416,-1.6916253646252182,1.3770707169230068,1.1215683854282916,1.4912268941329085,0.17817493102916399
-1.2635312220629085,-1.2171787536209004,-1.4034520585369865,-1.563284935486175,0.6785873358656312,0.9816670464879713,-1.7001752454831067
-1.0262402317645967,0.39379068382847593,-0.6386442806035452,-0.30491238932800824,-1.3264440230814447,-1.056572344091777,-0.6268322874760949
-0.1411621584621344,-0.7281674123561986,-0.9147813626552818,1.2711680768997948,1.7269007223862942,0.8967404052138152,0.7148464100326699
1.5978170697094354,-0.9256172746781726,-0.2198706929819691,0.7977209803254349,-1.236679109191999,1.4063002528587523,1.2515178890361758
0.31090315882151076,-0.29820649720647957,0.8726124082389967,1.134117601575638,0.24370272951652885,1.4912268941329085,1.7881893680396816
1.1457517524257903,0.5229634909550009,-0.8322679713689473,0.5423087308576883,0.013974953813579006,1.6610801766812209,-0.35849654797434194
-0.15848266870288708,-1.5364201198050267,-0.5931386528607476,1.6760899358120762,-0.08613932661841446,0.3871805575688781,1.2515178890361758
-1.0608812522461022,1.5194394316453368,0.7668386514652666,-0.33606022462895296,1.3197552345253813,0.21732727502056576,-0.35849654797434194
1.0643453542942527,-0.8739481518275626,0.4535777940720509,-0.3485193587493309,0.435764443312927,1.321373611584596,-0.35849654797434194
1.383042742724102,-1.4939776260348827,-0.3543573697463744,1.6511716675713204,-0.7080869731277185,-1.2264256266400893,1.5198536285379287
0.7248633535754999,0.17050626008119693,0.041909929074429884,1.0655923639135596,-0.24518163287430284,-0.037452648801902785,1.5198536285379287
-1.4817696510963925,1.5877164868407858,0.3468179370158128,1.1777245709969606,-0.9218330739656455,1.4912268941329085,1.7881893680396816
-0.3975057100252742,-1.6840461850924837,0.26108521833658443,-1.681646709629765,0.4191491337616257,-0.20730593135021513,-0.6268322874760949
1.6584388555520697,1.4493170506337947,-0.4504151384424517,1.2898567780803616,-1.2725850747477774,0.4721071988430343,1.7881893680396816
-0.8166620578514892,-0.06569544437873454,-0.13964853470499153,1.4393663875248963,1.1138239614848884,-1.4812055504625579,0.7148464100326699
0.6538492615884139,0.7388666114379071,1.0784753436872927,-1.5259075331250413,-0.6778133158944153,-1.4812055504625579,-0.6268322874760949
-1.331081212001844,0.5340354458515603,0.3351007454236585,-0.4917994011336766,1.6296025961155383,0.21732727502056576,-0.6268322874760949
-1.5874247635649839,0.2664632025180441,-0.49969114961836814,-1.233117881296161,-0.49462248770591527,0.047473992472253396,-0.6268322874760949
1.0193120276682957,-1.2264053827013666,-0.4197880237857314,-0.9465577965274695,-1.1287500009625715,-0.037452648801902785,-0.35849654797434194
0.8582312824292957,1.3773493438061593,0.9146956879425016,1.6200238322703757,0.7228713600510911,-0.4620858551726837,1.7881893680396816
0.48584031225311286,-0.567624066356089,-0.032279615709557334,-0.2675349869668746,-1.2878627110724907,-0.3771592138985275,-0.09016080847258898
0.7127389964069731,-0.45505919157440283,-0.7273062971808121,-0.3983558952308424,1.4951312349164472,-1.3962789091884016,-1.7001752454831067
-0.09959293388432795,1.1632915491393465,-0.591572493588529,-0.5104881023142435,0.5385540701980961,-1.2264256266400893,-1.4318395059813538
1.092058170679457,-0.60268525686186,-0.8014958419647993,1.1839541380571494,1.312081214436009,-0.9716457028176207,0.4465106705309169
-1.4540568347111882,0.5303447942193739,-0.8807899058582399,1.5639577287286752,-0.7746890190409856,0.3871805575688781,1.5198536285379287
-0.7681646291773817,1.2647844690244732,-1.2985193872983367,-1.0586900036108706,-1.0318742978160012,0.7268871226655028,-1.1635037664796009
0.8097338537551881,-0.23177476782712386,0.9847668138995435,1.3272341804414953,1.3424956793773741,1.0665936877621276,1.5198536285379287
-0.8010735986348118,1.5950977901051586,-1.0250795795487546,0.8226392485661908,0.6056489430895798,0.5570338401171905,0.17817493102916399
-1.5978170697094354,0.3125963479203745,-0.5576390426904582,-0.4731106999531098,-0.35494124130853477,-0.7168657789951522,-0.8951680269778478
0.21737240352144624,1.2943096820819646,-1.302695812024253,-1.3888570578008845,1.2707541521198487,-0.4620858551726837,-1.7001752454831067
-1.0158479256201451,0.10038387906965479,1.066845160943595,1.682319502872265,-1.2452683793837735,-0.2922325726243713,2.3248608470431877
0.42175442436232796,-0.2354654194593103,0.27987912960320827,0.0003363966212500387,0.5732631702353485,-0.6319391377209961,-0.35849654797434194
-0.9396376805608333,-0.696796873482614,1.1402516260914728,-0.5291768034948102,0.6105068090177145,1.5761535354070646,-0.35849654797434194
-0.6451890064680376,-1.1212218111840533,0.8664637829480641,-1.2642657165971058,-0.9425318070507411,-0.8017924202693084,0.17817493102916399
-0.21390830147329568,0.5248088167710941,-1.0533574552971467,-0.5790133399763219,-0.4941296607276987,-1.3962789091884016,-1.4318395059813538
0.9586902418256612,1.3072269627946171,-1.0290529836282722,-1.700335410810332,0.5415814359214265,-0.4620858551726837,-1.1635037664796009
-1.5423914369390268,-0.15427108355120883,-0.9346193801033846,1.5016620581267857,-0.9395044413274108,-0.9716457028176207,1.2515178890361758
-1.4627170898315645,0.978758967530025,1.0506035092316979,-0.06818884104082835,1.349536064780468,0.8967404052138152,-0.35849654797434194
-0.16714292382326343,-0.7207861090918257,0.0834711556871952,1.3770707169230068,-1.1911982194880133,-0.2922325726243713,1.7881893680396816
0.7560402720088548,-1.444153829000366,-0.7060761381574037,0.567226999098444,0.5855134408367316,-1.6510588330108702,-1.1635037664796009
0.9136569151997043,-0.741084693068851,0.9972960880772926,-0.4731106999531098,0.031646321175344376,1.6610801766812209,-0.09016080847258898
-0.7629684761051558,-1.6508303204028059,0.4841178998803146,-0.5914724740966997,-0.4873004868866977,0.13240063374640956,-0.09016080847258898
-0.32649161803818816,-0.5159549435054789,1.1327108592252348,1.6075646981499978,1.5268129692303691,0.047473992472253396,1.7881893680396816
-1.4107555591093064,-0.5842319987009279,0.23721579090999279,1.470514222825841,1.4515512492712968,-0.9716457028176207,0.9831821495344228
-1.1301632932091128,1.641230935507489,0.5114966841946554,-1.2954135518980505,-0.35156185631504977,-1.7359854742850265,-0.8951680269778478
-0.9205851192960053,0.4823663230009502,-0.6813656251957316,1.034444528612615,-0.08613932661841446,-1.7359854742850265,0.17817493102916399
-1.176928670859145,0.3550388416905184,-1.3750291680411664,-0.7970481870829349,1.670859254577668,-0.7168657789951522,-1.7001752454831067
1.4869658041686182,1.21127002035777,1.4080358586913766,0.7541140109041123,0.23828163275614667,0.3871805575688781,1.2515178890361758
-1.5025542633852955,-1.4902869744026963,-1.019249986702163,1.0718219309737484,1.4210663804759007,-0.037452648801902785,0.7148464100326699
-1.3276171099536935,-1.2799198313680697,-0.6310165048888505,-0.4357332975919761,-0.3223442568922106,-0.12237929007605897,-0.8951680269778478
0.10132498490840322,1.152219594242787,-0.8924200886019377,1.0780514980339375,-1.2682904396518901,-1.056572344091777,0.9831821495344228
0.6070838839383816,1.3090722886107105,-0.3853035168474355,1.2649385098396058,0.22877711246197005,0.4721071988430343,1.2515178890361758
1.499090161337145,-1.314981021873841,-1.0750516615123238,0.2183712437278631,-0.5918502101226403,1.4063002528587523,-0.09016080847258898
-1.3917029978444784,-1.5345747939889334,-0.6081331777447669,-0.9091803941663359,0.1477422764723607,-1.7359854742850265,-1.7001752454831067
0.9656184459219623,0.2756898315985102,-1.7034005621163437,0.4177173896539093,1.0308178175824128,-1.2264256266400893,-1.1635037664796009
0.25547752605110213,0.37164677403535734,0.9343306847442058,-1.3701683566203178,1.5256161037118432,-0.6319391377209961,-0.35849654797434194
0.2398890668344247,-1.0861606206782823,0.2733244630194784,-0.7222933823606675,-0.3231186992865509,1.6610801766812209,-0.09016080847258898
1.7155965393465538,-0.8554948936666305,-1.2759840955480795,-0.9777056318284143,-1.4016353391864862,-1.7359854742850265,-1.9685109849848597
1.357061977362973,-1.2061067987243412,-0.714399984659751,-1.5508258013657972,0.622334656494912,0.6419604813913466,-1.1635037664796009
1.5268029777223493,-0.12843652212590384,-1.5841694367813275,-0.04950013986026152,1.1157952693977546,0.6419604813913466,-1.7001752454831067
0.37498904671229566,-1.1968801696438751,-1.549916953438916,-0.6226203093976445,0.6486656979024827,1.1515203290362837,-1.7001752454831067
-0.11171729105285483,0.22033005711571374,0.3463828927735299,0.7852618462050571,0.06874915224964857,-1.2264256266400893,0.7148464100326699
1.0937902217035322,1.2703204464727529,-0.6466490946615515,0.7728027120846792,-1.6605807143122753,1.4063002528587523,0.9831821495344228
0.5239454347827688,1.6873640809098194,0.8940165849593182,-0.8219664553236906,0.4474514830820627,0.7268871226655028,-0.35849654797434194
1.705204233202102,1.580335183576413,-1.2771442135275008,1.6387125334509425,0.09085596241536302,0.9816670464879713,0.4465106705309169
0.525677485806844,1.2666297948405665,0.667648564224752,0.06886163428332844,1.3265844083663823,-0.12237929007605897,0.4465106705309169
-1.5735683553723816,-1.5788626135751707,1.5442337094754282,-0.560324638795755,0.9464035965993185,0.9816670464879713,-0.35849654797434194
0.11518139310100536,-1.530884142356747,1.104519992325299,0.5111608955567435,0.985407331732458,1.5761535354070646,0.4465106705309169
-1.5718363043483063,-1.211642776172621,0.10887773943651999,-1.0337717353701148,0.59290584550998,0.811813763939659,-0.6268322874760949
-0.8686235885737472,0.4306972001503402,-1.3671983716800733,-0.5977020411568886,1.6482596174337367,0.3022539162947219,-1.7001752454831067
-0.28838649550853224,-1.3315889542186798,1.5604463582378398,1.1091993333348822,0.015664646310321512,1.4912268941329085,1.7881893680396816
-1.6376542432631667,-0.31850508118350496,-1.7105642906392697,-0.4357332975919761,-0.8084124651218048,-0.3771592138985275,-1.7001752454831067
0.6815620779736182,-1.4589164355291115,0.4250968976772599,-1.1583630765738937,0.9744243305036316,-1.6510588330108702,-1.1635037664796009
0.499696720445715,0.4048626387250352,-0.6762901090357638,0.8911644862282692,0.9106384387516021,1.1515203290362837,0.17817493102916399
-0.5378018429753709,-0.2649906325168017,0.02720543368526588,1.3147750463211174,0.5994534039348572,0.13240063374640956,1.2515178890361758
1.4072914570611559,1.2001980654612108,0.06264703795658425,-1.2580361495369168,0.9145810545773346,-1.3113522679142455,-1.1635037664796009
-0.07361216852319892,-0.8684121743792829,-0.08274474781438054,0.3990286884733425,-1.6074258045189171,-0.5470124964468399,0.7148464100326699
-0.7577723230329301,1.3865759728866254,-0.46198731528717835,-0.7036046811801007,-0.38232834052656955,-1.3962789091884016,-1.4318395059813538
-0.9361735785126828,0.8440501829552203,-1.0563447590941566,-1.0026239000691701,0.977451696226962,0.811813763939659,-1.1635037664796009
1.639386294287242,1.5858711610246925,-1.5618661686269544,0.42394695671409827,-1.4374004970342025,-1.056572344091777,-0.6268322874760949
1.1093786809202095,-1.032646172011579,-0.7974064260873395,-1.4823005637037188,-0.11570894531140831,-1.3962789091884016,-1.4318395059813538
0.34208007725486556,0.2147940796674341,1.5186241050797047,0.019025097801816875,1.6260119995599605,-1.566132191736714,-0.8951680269778478
-0.09266472978802688,0.9123272381506693,0.05887665452346527,-0.2550758528464967,-1.6124948820091447,-1.4812055504625579,-0.6268322874760949
1.059149201222027,-0.9754410717126893,-1.3234909268053787,1.3646115828026288,-1.470842327698898,0.3022539162947219,0.9831821495344228
0.6140120880346828,-1.2596212473910444,1.3680697943003155,1.0842810650941264,-1.1670496975554017,1.5761535354070646,2.0565251075414346
0.7802889863459086,-1.1489016984254516,-1.5087907710684334,-1.6442693072686314,-0.6635213335261348,0.4721071988430343,-1.7001752454831067
1.3622581304351988,0.5654059847251449,-0.23390812053296592,-1.345250088379562,-1.3579849496873049,-1.4812055504625579,-0.6268322874760949
-1.0349004868849732,-1.4810603453222302,0.11218407567787048,0.15607557312597364,-1.1129091338056105,1.4912268941329085,0.4465106705309169
0.5274095368309193,1.615396374082184,-1.4755533909580154,1.4455959545850852,1.5425834325332992,0.13240063374640956,0.4465106705309169
1.2964401915203387,0.9953668998748639,0.4363500420776457,0.15607557312597364,1.3044775982006678,-0.4620858551726837,0.17817493102916399
-0.8201261598996398,0.40855329035722165,0.6356293079927263,1.3895298510433847,-0.4205576332653687,-1.3113522679142455,1.5198536285379287
-1.1786607218832204,1.5268207349097098,0.8523393465486108,-0.3672080599298977,-1.145083695097749,0.21732727502056576,0.17817493102916399
0.9864030582108655,-0.3258863844478778,-1.5533973073771796,1.1839541380571494,-1.1843690456470124,-1.6510588330108702,-0.09016080847258898
0.7681646291773817,0.36980144821926414,-1.1803903740437707,1.4518255216452742,-1.624463537194404,0.3022539162947219,1.2515178890361758
-1.5579798961557043,-0.3314223618961574,-1.1900193532729668,-1.3763979236805068,1.3356665055363732,-0.12237929007605897,-1.7001752454831067
0.9690825479701128,0.936316473759881,1.3263635529401225,-0.329830657568764,-1.5852485904991718,0.047473992472253396,0.17817493102916399
0.3628646895437688,0.6096938043113821,0.3824335589840444,0.12492773782502893,0.7559611714456319,0.7268871226655028,0.4465106705309169
0.8235902619477903,-0.955142487735664,-0.6021585701507477,1.2711680768997948,1.7288720302991605,-0.4620858551726837,0.7148464100326699
-1.7034721821780268,-1.4257005708394337,-1.433383102406054,0.17476427430654048,-0.1540790457582694,1.321373611584596,-0.8951680269778478
0.4009698120734247,-0.5436348307468771,-0.8137060836982076,-0.9154099612265248,-0.29544998465239236,1.321373611584596,-0.8951680269778478
1.2081055892925,-0.9680597684483165,-1.306901239699655,-1.6504988743288203,0.44069271309509267,-1.566132191736714,-2.236846724486613
0.040703199065768816,1.0599533034381263,0.3643067155555878,-1.2019700459952163,-0.4359056734441132,1.5761535354070646,-0.09016080847258898
1.511214518505672,-0.5953039535974871,1.14883649913919,-0.05572970692045046,0.5721367085708534,-1.056572344091777,-0.6268322874760949
-1.0522209971257257,-1.2024161470921548,-0.17511914192579542,-0.5354063705549992,1.4465525756351,0.9816670464879713,-0.8951680269778478
0.30917110779743545,0.4528411099434588,0.5477213681020832,-0.05572970692045046,-0.5236288755666616,-1.6510588330108702,-0.8951680269778478
1.2808517323036612,0.09300257580528193,0.5089734275894143,-1.2144291801155942,0.6275445416932014,0.6419604813913466,-0.35849654797434194
-1.3813106917000268,-0.19671357732135278,1.2487806630663283,-1.251806582476728,1.2501962267428148,0.5570338401171905,-0.35849654797434194
-1.2895119874240375,-0.1505804319190224,0.5937200459861346,0.679359206181845,0.46026498451569337,-0.20730593135021513,0.9831821495344228
-1.24101455874993,0.006272262448900838,-0.8992357817310374,-0.36097849286970873,-0.2667956160618007,0.9816670464879713,-0.8951680269778478
0.8062697517070376,0.9935215740587707,1.191586846680862,-1.5009892648842857,1.3202480615035979,-0.9716457028176207,-0.6268322874760949
1.7294529475391558,-1.2356320117818327,0.229355991599414,0.9596897238903476,0.7753222313041398,-1.1414989853659332,0.4465106705309169
0.1359660053899086,-0.8038257708160204,-0.3112009809119049,1.1029697662746933,-0.24912424870003533,-0.2922325726243713,1.2515178890361758
0.1411621584621344,-0.6580450313446564,-0.0445768662914223,-0.23638715166592986,0.39169163068956,-0.037452648801902785,-0.6268322874760949
1.350133773266672,-1.6674382527476448,1.6964701913249782,0.5983748343993888,1.302999117266018,0.811813763939659,0.9831821495344228
-0.1636788217751129,0.09484790162137514,-0.07418887771614902,0.8911644862282692,1.3988891664561554,1.4063002528587523,0.4465106705309169
0.35940058749561826,-0.2631453067007085,-0.6268110772134486,0.8973940532884581,0.23117084349902195,0.9816670464879713,0.17817493102916399
0.7906812924903601,1.0285827645645418,1.5127075033846564,-0.9403282294672806,0.2201174384161647,-0.3771592138985275,-0.09016080847258898
0.7162030984551236,-1.0916965981265618,0.48008648990182584,-1.5570553684259862,1.4723907900644544,-0.8867190615434646,-0.6268322874760949
-1.3622581304351988,-0.9163906455977066,-0.1270032487293002,-0.16786191400385148,1.5736315321609429,-0.20730593135021513,-0.8951680269778478
1.4246119673019084,-0.4882750562640807,-0.5962999743546704,1.1528063027562048,0.1751293756903955,1.6610801766812209,0.9831821495344228
1.1492158544739408,-0.8960920616206811,0.4044467976435621,1.5390394604879194,-1.3248247344387332,-0.9716457028176207,2.0565251075414346
0.3455441793030161,-0.8905560841724015,0.6036390547101861,-0.5852429070365107,0.6355705810527283,1.4063002528587523,-0.35849654797434194
1.0106517725479194,0.5469527265642128,-1.528222747223739,1.59510556402962,0.7118179549682339,1.4063002528587523,0.4465106705309169
1.452324783687113,-0.9735957458965961,0.5603086481788034,-0.7970481870829349,-1.5179425060455953,-0.6319391377209961,0.17817493102916399
-0.769896680201457,-1.3703407963566374,1.0562300814318908,-0.6537681446985891,-1.1644447549562569,-0.20730593135021513,0.17817493102916399
-0.31090315882151076,0.9916762482426775,-1.3799596694537066,-1.0337717353701148,-0.6424705811708845,-0.2922325726243713,-1.4318395059813538
-0.9153889662237795,0.28122580904678984,1.142339838454431,-1.457382295462963,0.7793352509839032,1.1515203290362837,-0.35849654797434194
-1.6948119270576505,1.486223566955659,-0.967276701224092,1.009526260371859,1.6664238117737187,0.6419604813913466,0.17817493102916399
1.2011773851961989,-0.42922463014909784,0.6206927890076781,1.127888034515449,0.2829880800657921,0.8967404052138152,1.5198536285379287
1.2635312220629085,1.5452739930706418,-0.9549794506422271,-1.233117881296161,-0.20216487806139985,-0.8867190615434646,-0.8951680269778478
-0.7941453945385107,-0.43291528178128424,-0.7511467216579182,1.0531332297931817,-1.2480141296909801,1.0665936877621276,1.2515178890361758
1.1648043136906183,-0.4642858206548689,0.753410285853466,-0.8344255894440685,0.9939261980702014,0.3022539162947219,-0.35849654797434194
-1.0106517725479194,-0.8296603322413254,-1.4485516449869864,1.458055088705463,-0.40753292026964527,-1.056572344091777,0.17817493102916399
1.3224209568814678,0.4417691550468995,-1.1601463153028704,1.4206776863443293,0.8619189717621931,1.5761535354070646,0.9831821495344228
-1.0868620176072312,-1.42939122247162,-0.8453483015869215,-0.2114688834251741,1.2309759745923687,0.13240063374640956,-1.1635037664796009
0.7647005271292311,1.4566983538981675,-1.0964268352831597,1.4144481192841405,1.1954924321607763,0.3871805575688781,0.9831821495344228
0.20351599532884407,0.4657583906561113,0.3411913648156199,0.12492773782502893,0.2245528812201138,0.6419604813913466,0.4465106705309169
0.5655146593605752,-0.7872178384711814,-1.4718410134238675,0.5049313284965545,1.5043541397945002,0.3871805575688781,-0.8951680269778478
0.9032646090552526,-1.505049580931442,-1.1621185158678864,-1.5259075331250413,-0.36909241596875325,-0.2922325726243713,-0.8951680269778478
1.3657222324833493,0.11883713723058693,-1.7470209981425817,0.31804431669088623,0.1859715692111599,0.3871805575688781,-0.8951680269778478
-0.20005189328069353,1.6375402838753026,-0.2042091002597826,0.455094792015043,1.2242876084594296,-1.566132191736714,-0.6268322874760949
-0.3611326385196935,0.08193062090872263,-0.04460586924090783,-1.008853467129359,1.1183298081428685,1.5761535354070646,-0.8951680269778478
0.27799418936408066,0.7425572630700935,0.863447476201569,0.5423087308576883,0.839600950034386,-1.3962789091884016,-0.09016080847258898
0.12210959719730645,-1.110149856287494,0.5001855338952985,0.8164096815060018,1.600596208254792,-0.5470124964468399,0.7148464100326699
-1.085129966583156,-0.25391867762024245,0.02917763425028196,-1.6255806060880644,-1.5449775859934753,-1.6510588330108702,-0.8951680269778478
0.13250190334175807,1.683673429277633,-0.6499844338523876,0.21214167666767417,-1.599610976721483,-0.5470124964468399,0.4465106705309169
0.6122800370106075,0.7019600951160427,-1.6330974125634174,-0.8718029918052023,1.7053571430528274,-0.2922325726243713,-1.7001752454831067
-1.5285350287464246,1.0175108096679826,-0.8772225430715196,-0.7409820835412344,-1.27054336298088,1.4063002528587523,-0.6268322874760949
-1.1353594462813386,-0.5325628758503178,-0.6619626519899117,1.5577281616684862,1.7189450868807983,-1.6510588330108702,0.17817493102916399
-0.16541087279918817,-1.5807079393912637,0.9302992747657169,-1.1147561071525711,-0.685980162962004,0.4721071988430343,-0.09016080847258898
0.049363454186145156,1.0415000452771943,-0.6824387343266963,1.458055088705463,1.6455138671265301,0.3871805575688781,0.9831821495344228
0.8894082008626505,1.3736586921739729,0.9151887380837556,0.8226392485661908,-0.6404992732580183,0.6419604813913466,1.2515178890361758
0.011258331656489247,-1.2614665732071377,1.5105902880722129,-1.1022969730321932,0.8764925695465973,-0.8867190615434646,-0.35849654797434194
1.5545157941075536,-1.0732433399656298,-0.031206506578592703,1.6262533993305646,1.6246039224793418,1.321373611584596,1.2515178890361758
-1.5926209166372096,-1.3887940545175694,-1.4866035147120027,-0.7472116506014234,-1.543006278080609,-0.037452648801902785,-0.8951680269778478
0.34381212827894087,-0.8591855452988169,0.8558777063858455,1.4082185522239516,0.8058775039535667,0.8967404052138152,1.7881893680396816
0.544730047071672,0.8698847443805253,-0.8698267909527093,-1.0400013024303036,0.2527144228324889,-1.3962789091884016,-1.7001752454831067
0.9552261397775107,-1.1655096307702906,-0.7514947570517446,-1.463611862523152,0.24574444128342604,0.8967404052138152,-1.1635037664796009
1.0885940686313065,0.9086365865184828,1.237730539312341,-0.9590169306478474,0.29784329326632,-0.20730593135021513,-0.09016080847258898
1.3518658242907473,-1.427545896655527,1.2507238606818587,-0.6537681446985891,-1.0584869546396956,-0.20730593135021513,0.17817493102916399
-1.0937902217035322,-1.6526756462188992,0.6189526120385462,1.3023159122007395,0.42428861510588417,-0.6319391377209961,1.5198536285379287
1.447128630614887,-1.2522399441266716,0.48487197656693837,1.3147750463211174,-1.6661426187807193,-0.037452648801902785,2.0565251075414346
-1.131895344233188,1.4825329153234725,0.7562815778525336,-1.108526540092382,0.7696195191276338,0.7268871226655028,-0.35849654797434194
-1.4748414470000912,0.4048626387250352,1.298839753878354,-0.2675349869668746,-0.11979236884520271,1.6610801766812209,-0.09016080847258898
-1.0037235684516181,1.00459352895533,-1.0051835562016807,0.6357522367605224,1.1700062370015767,0.3871805575688781,0.17817493102916399
0.24335316888257524,0.2775351574146034,-0.141040676280297,-1.0524604365506816,1.6598058494948107,-0.6319391377209961,-0.8951680269778478
-0.8097338537551881,0.8625034411161524,-1.3208806613516808,0.05640250016295054,1.6902907182902067,1.5761535354070646,-0.8951680269778478
0.026846790873166666,-1.213488101988714,0.31294249201671315,-0.7721299188421791,-1.050108896010014,-0.8867190615434646,-0.09016080847258898
-1.7225247434428548,-1.0271101945632994,-0.9025711209218734,1.00329669331167,1.3561540270593762,0.811813763939659,0.17817493102916399
-0.08920062773987635,-1.5770172877590773,0.7047723395662312,1.3147750463211174,-0.0735370367468766,-0.12237929007605897,1.7881893680396816
-0.6642415677328656,-1.056635407620791,-1.1908024329090763,0.06263206722313949,1.5706745702916434,-0.9716457028176207,-1.1635037664796009
0.2416211178585,-0.920081297229893,1.696122155931152,1.0655923639135596,1.2972964050895122,0.13240063374640956,1.5198536285379287
1.266995324111059,-0.7023328509308936,-0.7474053411742848,-0.4917994011336766,0.05318990050881133,0.21732727502056576,-1.1635037664796009
-0.056291658282446234,-0.18195097079260705,1.3852395403957496,-0.09310710928158414,0.6084650972508173,-1.7359854742850265,-0.8951680269778478
-1.634190141215016,0.9326258221276946,-1.2164700432037707,0.03771379898238371,1.1735264297031236,-1.4812055504625579,-1.4318395059813538
1.1803927729072956,0.5045102327940688,-1.4857334262274366,1.4206776863443293,-0.9096532072182932,0.811813763939659,0.7148464100326699
0.4425390366512312,0.41039861617331486,-1.5304849772836104,-0.5790133399763219,-1.1040382481977122,-1.3113522679142455,-1.7001752454831067
1.1561440585702418,1.434554444105049,-1.1264448880006839,0.06263206722313949,-0.8155232543789295,1.5761535354070646,-0.09016080847258898
-0.5862992716494785,0.8145249698977288,1.25597339453874,0.6295226697003334,0.6709133157762591,-1.7359854742850265,0.17817493102916399
-0.27106598526777953,0.34581221261005235,-0.5878021101554101,-0.7659003517819901,1.6519206178433457,-0.2922325726243713,-1.1635037664796009
-0.2294967606899731,-0.2852892164938271,0.5048550087624689,-0.6039316082170776,1.2198521656554806,-1.7359854742850265,-1.1635037664796009
0.023382688825016127,-1.4773696936900438,1.089960511683563,1.246249808659039,-1.304689232185885,-1.1414989853659332,1.7881893680396816
-1.1855889259795214,-1.5235028390923742,1.376132614257293,-0.6288498764578334,-1.6632560607654507,-0.6319391377209961,0.17817493102916399
-0.011258331656489247,1.5600365995993877,0.40665102180446244,-0.4917994011336766,1.7371092812207802,-1.056572344091777,-0.8951680269778478
-0.40443391412157526,-1.2706932022876036,-0.6600484573238666,0.9285418885894028,-0.6688720264324861,-0.7168657789951522,0.7148464100326699
-0.9638863948978871,-0.8333509838735118,-0.08776225807537733,-1.12098567421276,0.548903436740644,0.13240063374640956,-0.6268322874760949
-0.5048928735179409,-0.9422252070230115,-1.2844529567978544,-1.47607099664353,0.988786716725943,0.3022539162947219,-1.7001752454831067
0.09959293388432795,0.8403595313230339,0.024566165282082598,-0.38589676111046456,-0.13260587027883336,0.9816670464879713,-0.6268322874760949
0.8010735986348118,1.5009861734844048,0.8608082077983857,-0.04327057280007257,-1.5663803576188804,-1.1414989853659332,-0.09016080847258898
0.4061659651456505,1.7021266874385652,-0.6012014728177252,0.6980479073624118,1.325950773680104,1.4063002528587523,0.17817493102916399
-0.6296005472513602,-0.06385011856264132,0.9028334816029195,-0.6973751141199118,0.23293093984979538,0.811813763939659,-0.09016080847258898
-0.6780979759254677,0.5727872879895177,-0.22706342445438069,1.2026428392377164,1.0272976248808658,1.321373611584596,0.9831821495344228
0.7577723230329301,1.5065221509326843,-0.7222597839703297,0.44263565789466514,0.5150391829517629,0.3871805575688781,-0.35849654797434194
1.6826875698891235,1.2038887170933972,0.1453344469398319,0.8475575168069465,1.024974297697845,-1.6510588330108702,-0.35849654797434194
-1.0418286909812742,0.10776518233402764,0.2955407223253948,-0.8780325588653911,1.349536064780468,0.047473992472253396,-0.6268322874760949
-1.6099414268779624,0.729639982357441,0.11995686613999267,0.8164096815060018,-0.9485865384974018,0.7268871226655028,0.9831821495344228
-1.1682684157387688,-0.5214909209537586,-0.09306979783122943,-0.20523931636498513,-0.7733513458143978,0.5570338401171905,-0.35849654797434194
-0.8772838436941236,-1.7430966112074666,-1.4513939340365685,0.4862426273159877,-1.250478264582063,0.811813763939659,-0.35849654797434194
-0.2745300873159301,-1.5973158717361027,0.5162241649607969,-0.16163234694366252,-1.269346497462354,0.3022539162947219,0.17817493102916399
0.9604222928497365,0.8163702957138221,-1.6056606223501055,0.8039505473856239,0.7529338057223015,-1.3962789091884016,-0.8951680269778478
0.6469210574921128,-1.0898512723104687,1.6239338146616662,-0.2114688834251741,-0.00827266406019732,0.21732727502056576,-0.09016080847258898
1.1266991911609623,-0.11551924141325133,-0.1148510128948629,-0.8281960223838796,0.5952995765470319,-0.7168657789951522,-0.6268322874760949
-0.6503851595402634,1.3496694565647611,1.0351159342064244,-0.7472116506014234,-0.3966203228948499,-0.12237929007605897,-0.09016080847258898
1.1197709870646613,1.6615295194845143,-0.531884423547307,1.588875996969431,-1.2203454150568216,0.7268871226655028,1.5198536285379287
-0.5031608224938655,-0.28159856486164064,0.5378023593780317,-0.6849159799995339,-0.23947892069779686,-1.056572344091777,-0.35849654797434194
-0.37152494466414515,1.3515147823808544,-0.8054112401453459,0.9846079921311033,-1.4599297303241026,-0.12237929007605897,0.9831821495344228
0.9223171703200806,0.9824496191622114,-1.6588520317065687,0.4301765237742872,0.7571580369641578,0.21732727502056576,-0.8951680269778478
-1.0816658645350052,-1.5696359844947045,-1.4100067251207165,-0.7534412176616123,-1.6793785433385355,0.047473992472253396,-0.8951680269778478
0.7231313025514247,-0.8997827132528675,-0.8869385311491724,0.08755033546389526,-1.5275878340478337,-1.1414989853659332,0.17817493102916399
-0.009526280632413979,-0.6764982895055885,0.8061376480181606,0.18099384136672944,-1.6028495540069063,1.1515203290362837,0.9831821495344228
-0.7040787412865968,0.2387833152766459,1.420681144667068,-0.9963943330089812,-0.06311726635029782,-1.566132191736714,-0.6268322874760949
-0.25547752605110213,-1.1470563726093583,1.514041639060991,1.0406740956728038,-0.44400211665767103,0.13240063374640956,1.7881893680396816
0.6226723431550591,1.6799827776454466,0.4294183371506039,0.6669000720614672,-1.5347690271589896,-0.9716457028176207,1.2515178890361758
0.7387197617681022,1.2444858850474478,0.4747499471964882,0.44263565789466514,1.2264701279343888,-0.12237929007605897,0.4465106705309169
-1.6774914168168977,-0.7189407832757325,-1.6783130108113598,1.0531332297931817,-1.1742308906665573,-0.7168657789951522,0.4465106705309169
1.686151671937274,-0.38493681056286067,1.1500256200680967,0.679359206181845,0.9339421144358425,0.811813763939659,0.9831821495344228
1.5285350287464246,1.6504575645879551,0.7984808693539805,-1.4200048931018294,1.0782700151992648,0.3871805575688781,-0.35849654797434194
0.5811031185772526,-1.4127832901267812,1.3654305258971322,-0.8842621259255801,-0.4436500973875163,-0.2922325726243713,-0.09016080847258898
1.0695415073664785,-1.1562830016898245,-0.7326428398861498,-0.2986828222678193,-1.4174058024894163,1.5761535354070646,-0.35849654797434194
0.6919543841180699,1.382885321254439,0.4333917412301216,0.7728027120846792,0.48300542936768626,1.23644697031044,0.9831821495344228
-0.5412659450235214,-0.8241243547930458,-1.6042394778253146,-0.3672080599298977,0.7442741316764963,-0.8867190615434646,-1.7001752454831067
-0.8409107721885429,-0.3000518230225728,1.1437609829792221,-1.1770517777544605,-0.7537790743937971,1.0665936877621276,-0.09016080847258898
-0.7092748943588225,-0.6654263346090293,1.1177453372907011,-0.6475385776384002,1.1688797753370817,0.13240063374640956,-0.35849654797434194
-0.27799418936408066,-1.676664881828111,-1.0912063043757643,-0.2114688834251741,0.02010008911427059,1.1515203290362837,-1.1635037664796009
0.3195634139418871,1.1208490553692025,0.03141086136066781,0.13738687194540683,-0.8872647816364551,-0.8867190615434646,0.4465106705309169
1.6497786004316934,-1.5899345684717299,0.21563759649275804,0.9596897238903476,1.0534878585803749,-0.2922325726243713,0.4465106705309169
-0.4754480061086613,1.3958026019670915,0.7195058379048808,0.791491413265246,-0.6728146422582186,0.3871805575688781,1.2515178890361758
-0.12210959719730645,1.1485289426106007,-0.0760740694327085,1.6885490699324541,-0.1701311244773232,0.7268871226655028,1.5198536285379287
0.5984236288180054,-0.1376631512063699,-0.6997824981190436,-0.5042585352540545,1.224991646999739,-1.6510588330108702,-1.9685109849848597
-1.3328132630259193,0.009962914081087267,-1.067249868100716,-1.563284935486175,-0.21181020606363835,1.5761535354070646,-1.1635037664796009
0.10478908695655376,1.4124105343119304,0.46793425406738853,1.5514985946082973,-0.8208035434312498,-0.8867190615434646,2.0565251075414346
0.8131979558033386,-0.9219266230459862,-0.10017552045518442,0.34919215199183096,-1.0993915938316705,-0.20730593135021513,0.4465106705309169
-1.5787645084446074,0.9289351704955082,0.6559313726325977,-0.16786191400385148,-0.8953612248500129,0.7268871226655028,-0.09016080847258898
-1.4350042734463602,-0.05462348948217525,1.3381387504312479,-0.14917321282328463,0.42119084552852293,-1.3962789091884016,-0.6268322874760949
-1.5458555389871773,-1.6379130396901533,0.11209706682941388,0.9534601568301586,-0.5116602203814021,1.1515203290362837,0.9831821495344228
1.0504889461016504,1.227877952702609,-1.4103257575650572,0.15607557312597364,0.12676192797114127,-1.566132191736714,-1.4318395059813538
0.7456479658644032,0.5266541425871873,0.029554672593593855,-1.0462308694904927,-1.0378586254086308,-0.3771592138985275,-0.35849654797434194
0.30570700574928494,1.5840258352085994,-0.4344345132759243,0.455094792015043,-1.0565156467268293,-0.4620858551726837,0.4465106705309169
-1.098986374775758,1.194662088012931,-0.20484716514846427,-0.14917321282328463,-0.511801028089464,0.047473992472253396,-0.35849654797434194
-0.23815701581034945,-1.6397583655062467,-0.49012017628814303,-0.8157368882635018,-1.028494912822516,1.0665936877621276,-0.6268322874760949
-0.9067287111034031,-0.7152501316435461,-0.5366989131619051,-0.6973751141199118,0.9076110730282718,1.6610801766812209,-1.1635037664796009
0.6988825882143709,-0.38124615893067426,0.7903020375990609,-0.890491692985769,-1.035394490517548,1.4912268941329085,0.17817493102916399
-0.38364930183267204,0.6613629271619921,-1.3595415930158932,-0.7659003517819901,0.984210466213932,-1.7359854742850265,-2.5051824639883655
0.8253223129718655,1.7150439681512177,1.5034555624987722,0.4862426273159877,1.2592783239128058,-0.9716457028176207,0.17817493102916399
0.07880832159542472,-0.8831747809080286,-1.1458188582570183,-0.6288498764578334,0.7119587626762958,0.811813763939659,-1.1635037664796009
1.4228799162778332,1.5028314993004979,-0.5034325301020015,-0.27999412108725247,-1.0189199886743086,-0.2922325726243713,-0.6268322874760949
0.7595043740570053,1.6467669129557687,-0.19231789097071506,-1.6318101731482535,1.731758588314429,1.0665936877621276,-0.8951680269778478
0.802805649658887,1.0839425390473383,0.8798051397114083,1.5265803263675415,-1.4014241276243933,-0.2922325726243713,2.3248608470431877
0.19485574020846774,0.5893952203343567,0.1263375150268094,1.6262533993305646,-0.567279265065843,-0.4620858551726837,1.7881893680396816
0.9153889662237795,-1.1747362598507565,-0.6615276077476288,1.2026428392377164,-0.8927562822508682,-1.566132191736714,0.7148464100326699
-0.828786415020016,-0.37017420403411494,0.7616181205578711,-1.3016431189582394,-1.099884420809887,1.0665936877621276,0.17817493102916399
-0.911924864175629,-0.172724341712141,-0.2348652178659884,-1.3826274907406957,-0.24025336309213718,1.6610801766812209,-0.6268322874760949
-0.1134493420769301,-0.9053186907011472,1.3355574879270358,-0.33606022462895296,1.0490524157764256,0.8967404052138152,-0.35849654797434194
-1.712132437298403,-0.353566271689276,1.1338419742551706,1.2026428392377164,-1.7091593735936221,-0.3771592138985275,2.0565251075414346
0.3524723833993172,1.6523028904040484,0.33399863334320834,1.570187295788864,-0.402182227363294,-0.12237929007605897,2.0565251075414346
-0.06148781135467204,-1.385103402885383,-1.6176968463866008,-0.5478655046753771,0.5382724547819724,-1.7359854742850265,-2.5051824639883655
1.7138644883224785,-1.2208694052530868,-0.028190199832097522,1.0469036627329928,1.393679281257866,-0.12237929007605897,0.9831821495344228
1.2479427628462312,-1.1230671370001466,-1.4224199875005235,-0.23015758460574093,-0.7276592445483192,-0.12237929007605897,-1.4318395059813538
-0.6226723431550591,-0.39600876545942,-0.5615544408710048,-0.7222933823606675,-0.21758332209417522,-0.8867190615434646,-0.8951680269778478
-0.4130941692419516,0.05794138529951085,-0.7976964555821948,0.36788085317239777,0.6715469504625375,0.811813763939659,-0.35849654797434194
0.982938956162715,-0.7041781767469868,-0.5282590548616157,1.3023159122007395,-0.31058681326904397,0.21732727502056576,0.9831821495344228
-0.5516582511679731,0.9695323384495589,-1.3165012159793659,0.7977209803254349,0.21314745686710188,-1.7359854742850265,-1.1635037664796009
-0.2589416280992527,-1.298373089529002,1.1796376314928234,1.2026428392377164,-0.446255039986661,-1.6510588330108702,0.9831821495344228
-1.1215030380887365,-0.5639334147239025,-0.22071177851704948,-1.5570553684259862,-0.2264542077020734,0.5570338401171905,-0.6268322874760949
-0.6105479859865323,0.6595176013458989,1.5307473379646566,1.5016620581267857,0.3191756610376941,-0.2922325726243713,2.0565251075414346
-0.859963333453371,-1.324207650954307,0.19904790938703454,1.2898567780803616,-1.499215080873366,0.3022539162947219,1.7881893680396816
1.4367363244704354,1.3552054340130408,1.3787428797109909,0.6855887732420339,-1.4377525163043572,-1.2264256266400893,1.2515178890361758
-0.525677485806844,-0.12474587049371741,-1.7528215880396878,1.3023159122007395,-1.0918583814503602,-1.3962789091884016,-0.09016080847258898
1.0349004868849732,0.6244564108401277,0.7428822151902184,0.19968254254729628,0.9373919032833584,-0.7168657789951522,0.4465106705309169
-0.1913916381603172,-1.6729742301959245,1.5476850604642063,-1.569514502546364,-1.0633448205678304,-1.3962789091884016,-0.35849654797434194
0.6244043941791344,0.8366688796908475,0.30545973104944624,-0.3422897916891419,-0.8618489903312865,-0.037452648801902785,-0.09016080847258898
-0.1463583115343602,-0.6488184022641904,-0.000985433214669842,-0.8157368882635018,-1.1614877930869576,0.4721071988430343,-0.09016080847258898
1.1163068850165108,0.15758897936854444,-0.18622727157875363,1.0780514980339375,-1.5634233957495811,0.9816670464879713,1.7881893680396816
-0.6018877308661559,-1.6268410847935941,-1.551135077317308,-1.226888314235972,0.8968392833615383,-1.3113522679142455,-1.9685109849848597
0.9725466500182633,0.18526886660994266,-1.0441055144112625,-1.2455770154165389,1.4442996523061102,0.5570338401171905,-1.1635037664796009
0.0043301275601881715,-0.36832887821802174,0.21363639297825643,-0.5478655046753771,1.2776537298148805,1.321373611584596,-0.8951680269778478
-0.05975576033059677,0.807143666633356,-0.38188116880814293,0.1623051401861626,-1.6821242936457421,1.5761535354070646,0.7148464100326699
-1.6549747535039192,-0.8278150064252322,0.6097296741021475,0.3741104202325867,0.7449077663627747,0.7268871226655028,0.4465106705309169
-1.1024504768239085,0.5174275135067213,1.1184124051288684,-0.7347525164810454,-0.8400941994357267,-0.9716457028176207,-0.35849654797434194
-1.0712735583905537,0.6133844559435685,0.1378226830230795,-1.2704952836572947,-0.2005455894186883,-0.037452648801902785,-0.35849654797434194
1.7000080801298763,0.729639982357441,0.6202867477148807,-0.8344255894440685,0.317063545416766,-1.1414989853659332,-0.6268322874760949
-0.44080698562715587,1.0581079776220332,-0.07677014022036124,1.0905106321543154,0.13035252452671908,-0.7168657789951522,1.2515178890361758
-0.4027018630975,-1.0252648687472061,1.13189877663964,1.582646429909242,-1.1499415610258839,-0.8867190615434646,2.3248608470431877
-1.4159517121815322,-0.6137572117584192,-1.5609960801423886,0.9410010227097807,-0.8302376598713954,-0.6319391377209961,-0.09016080847258898
-0.7421838638162527,1.0322734161967282,-0.9833733381885615,0.9721488580107254,0.1355624097250085,-1.2264256266400893,-0.09016080847258898
1.5804965594686826,-1.5917798942878232,-0.7419817896204906,-0.24884628578630774,1.5239264112151008,-1.3113522679142455,-1.4318395059813538
1.0435607420053494,1.5157487800131504,0.33066329415237233,-1.4200048931018294,-1.0620775511952734,-0.4620858551726837,-0.09016080847258898
-1.7086683352502525,-0.30558780047085243,-1.2591333818969863,-1.463611862523152,-1.429163246112583,1.4912268941329085,-1.1635037664796009
1.3085645486888655,-1.4349271999198998,-0.662252681484767,0.9659192909505365,-0.9159191502270467,-0.8017924202693084,0.7148464100326699
1.5753004063964569,1.5747992061281333,-0.09170665920540949,-1.008853467129359,-0.9622448861794037,-1.6510588330108702,-1.1635037664796009
0.7716287312255322,-1.660056949483272,1.5913344994399299,0.40525825553353145,-1.5799683014468515,0.811813763939659,0.9831821495344228
1.2773876302555107,0.1631249568168241,0.8972069094027266,-0.6288498764578334,-0.9816763498919425,-1.2264256266400893,-0.09016080847258898
1.4090235080852311,0.4694490422882977,0.08544335625221128,0.9410010227097807,0.7649728647615919,0.6419604813913466,0.7148464100326699
0.2797262403881559,1.3164535918750833,-1.2955900894002983,-0.890491692985769,-0.22166674562796962,1.1515203290362837,-1.7001752454831067
0.39230955695304837,1.3588960856452272,-1.647453872558755,-0.46065156583273187,-1.1308621165834996,-0.5470124964468399,-1.4318395059813538
1.040096639957199,-0.46982179810314856,0.6378335321536267,0.0937799025240842,1.1262150397943334,-1.2264256266400893,0.17817493102916399
-0.8807479457422741,-0.18564162242479348,0.5574373561797359,1.6075646981499978,0.6735182583754038,1.321373611584596,1.7881893680396816
-0.8253223129718655,-1.2651572248393241,1.2813799782880646,-1.4885301307639078,0.06508815184003981,1.6610801766812209,-0.09016080847258898
-0.9794748541145645,-0.49381103371236035,-0.8474945198488508,-0.19278018224460725,-0.9644978095083937,0.3871805575688781,-0.6268322874760949
0.15848266870288708,-0.7650739286780629,0.9410303660753633,0.8787053521078912,0.3745834941600421,-0.6319391377209961,1.2515178890361758
-0.8080018027311129,-1.2780745055519767,-1.1551288050418735,0.44263565789466514,-0.15534631513082625,-0.8017924202693084,-0.35849654797434194
0.48237621020496235,-0.5971492794135803,-0.575881897916857,-1.3078726860184284,-0.025380800589715192,0.5570338401171905,-0.8951680269778478
1.577032457420532,1.166982200771533,0.3368119194433048,-0.9403282294672806,0.8284067372434668,-0.20730593135021513,-0.35849654797434194
-0.518749281710543,0.781309105208051,-1.7051987449844466,0.8288688156263797,0.6458495437412453,-0.7168657789951522,-0.35849654797434194
0.6780979759254677,-0.40708072035597925,0.34217746509812796,1.6449421005111315,1.0612322825237779,-0.9716457028176207,1.5198536285379287
0.1636788217751129,-1.7098807465177888,-0.2062103037742842,-0.6475385776384002,0.01636868485063089,-0.8867190615434646,-0.6268322874760949
-1.0383645889331237,0.7628558470471188,-1.4028429965977902,-0.7409820835412344,0.7839115014959142,1.5761535354070646,-1.7001752454831067
-0.9431017826089838,0.558024681460772,-0.9030061651641563,0.9783784250709143,0.48730006446357343,0.7268871226655028,0.17817493102916399
0.8166620578514892,1.4991408476683115,1.4413892505997368,-0.3796671940502756,1.672760158636503,1.5761535354070646,-0.35849654797434194
-1.5753004063964569,-1.040027475275952,1.713291902026586,-0.6849159799995339,-0.5926950563710115,0.3871805575688781,-0.09016080847258898
0.45466339381975807,-1.110149856287494,-1.325869168663192,-1.2580361495369168,-0.6672527377897746,-0.2922325726243713,-1.4318395059813538
-0.4356108325549301,-1.0621713850690704,-0.0030156396786569823,0.050172933102761594,-0.20047518556465735,-1.7359854742850265,-0.35849654797434194
0.1290378012936075,-0.8702575001953762,-1.3106426201832886,0.19345297548710733,-1.1352975593874488,1.1515203290362837,-0.35849654797434194
-0.08400447466765053,-0.015871647344217737,0.7050623690610865,0.7229661756031677,-0.5327813765906835,-1.1414989853659332,0.9831821495344228
-0.196587791232543,-1.558564029598145,1.4061796699243028,1.6262533993305646,-1.2359750706516897,-1.3113522679142455,2.0565251075414346
0.7369877107440268,-1.375876773804917,-1.1718635068950247,0.9783784250709143,-1.4500731907597713,1.6610801766812209,0.9831821495344228
1.0054556194756934,0.8348235538747543,0.13738763878079654,0.3865695543529646,0.2247640927822066,-0.3771592138985275,0.17817493102916399
0.776824884297758,0.22217538293180697,0.9669590029154277,1.0593627968533705,1.359744623614954,-0.2922325726243713,1.5198536285379287
1.0556850991738762,0.4934382778975095,-0.6476932008430306,-1.4386935942823962,1.064611667517263,-1.2264256266400893,-1.4318395059813538
1.0175799766442204,0.4676037164722045,0.17726669432340109,0.5921452673391998,0.9652014256255789,1.4912268941329085,-0.09016080847258898
-0.42175442436232796,-1.2928371120807223,0.9244116760201543,1.2275611074784722,0.9339421144358425,1.0665936877621276,1.5198536285379287
-0.3853813528567473,-1.4958229518509758,-0.7177643268000725,-0.329830657568764,0.9043724957428486,-0.8017924202693084,-1.1635037664796009
1.582228610492758,0.5543340298285856,-0.17770040443000765,-0.09310710928158414,-0.0569217271955753,0.13240063374640956,-0.6268322874760949
1.653242702479844,1.6190870257143706,1.415982666850412,-0.6849159799995339,-0.7454010157641154,1.23644697031044,-0.09016080847258898
0.20178394430476881,-0.02878892805687024,0.07703250090140741,1.4767437898860298,-1.3013802510464307,0.047473992472253396,2.0565251075414346
-0.030310892921317202,1.554500622151108,0.037936524994912194,-1.0649195706710595,1.6196052488431452,-1.3113522679142455,-1.1635037664796009
-0.6711697718291666,0.7444025888861867,-0.8306438061977576,-0.018352304559316794,1.5524399720976305,0.8967404052138152,-1.1635037664796009
1.0955222727276075,-1.1156858337357738,-0.020736441814316164,-0.9963943330089812,-0.8357291604858086,1.4063002528587523,-0.35849654797434194
-0.09612883183617742,-0.6045305826779532,0.3384360846144945,-0.5727837729161329,0.12479062005827501,1.5761535354070646,-0.35849654797434194
-1.1145748339924355,0.5561793556446788,-1.2073341141158287,0.46132435907523195,0.7470198819837027,0.13240063374640956,-0.8951680269778478
1.4938940082649192,-1.4312365482877134,-0.2989907391784965,0.3554217190520199,-0.6740819116307756,0.6419604813913466,0.4465106705309169
-0.9032646090552526,-1.6637476011154584,-1.032591343465507,-0.3111419563881972,-0.5793887279591643,-0.5470124964468399,-0.8951680269778478
1.1111107319442848,-0.6561997055285632,0.5213286840702503,1.370841149862818,0.31389537198537376,0.4721071988430343,1.5198536285379287
1.7225247434428548,0.5801685912538906,0.17488845246558757,0.8413279497467576,1.1826789307271455,1.321373611584596,0.4465106705309169
1.6307260391668654,-0.24653737435586956,1.0798384823131126,1.0406740956728038,-0.003203586569969803,0.21732727502056576,1.7881893680396816
1.4575209367593387,-1.444153829000366,1.5855629124923094,0.342962584931642,1.5295587195375757,-0.4620858551726837,0.4465106705309169
0.3022429037011344,0.24247396690883233,-1.2382512582674043,-0.2550758528464967,1.6110863825054016,0.13240063374640956,-1.7001752454831067
0.4563954448438333,1.1356116618979482,1.527382995824335,-1.3701683566203178,0.41210874835853195,1.5761535354070646,-0.09016080847258898
0.1688749748473387,0.25908189925367126,-1.4917950426699125,-1.345250088379562,-0.10761250209785048,0.811813763939659,-1.7001752454831067
-1.2739235282073602,-0.41077137198816566,-0.7070332354904262,-1.5321371001852304,1.5811647445422532,1.4912268941329085,-1.1635037664796009
0.634796700323586,-0.32035040699959816,1.1801306816340773,0.23083037784824098,-0.1863944147584698,-0.5470124964468399,0.7148464100326699
1.3432055691703708,0.5709419621734245,1.2459963799157174,0.29935561551031936,-1.6801529857328759,1.5761535354070646,0.9831821495344228
0.9361735785126828,0.024725520609832984,1.4908392794725664,-0.678686412939345,1.668535927394647,-0.7168657789951522,-0.35849654797434194
0.26067367912332795,0.6502909722654328,-0.17978861679296584,1.4455959545850852,1.6505829446167577,-1.1414989853659332,0.9831821495344228
-1.3432055691703708,-1.617614455713128,-0.4651486367811012,1.3147750463211174,-1.0723565138837903,0.047473992472253396,1.2515178890361758
-0.634796700323586,-0.534408201666411,1.237295495070058,-1.1334448083331379,-0.8598776824184202,-0.3771592138985275,0.17817493102916399
-0.8911402518867257,1.6117057224499975,0.17297425779954256,1.6324829663907536,-0.522079990777981,-1.6510588330108702,0.9831821495344228
-1.6064773248298116,-1.3980206835980356,-0.7415467453782076,1.6636308016916983,-1.6533995212011194,-1.7359854742850265,0.9831821495344228
-0.641724904419887,-0.08414870253966668,1.3621241896557819,-0.5042585352540545,1.2252732624158629,1.5761535354070646,-0.35849654797434194
0.7750928332736827,0.16127963100073087,-1.747427039435379,-0.5790133399763219,0.3219214113449007,-0.8017924202693084,-1.7001752454831067
1.1232350891128118,0.16681560844901053,-0.6819746871349278,0.28066691432975255,-0.3667690887857323,-1.2264256266400893,-0.35849654797434194
-1.0452927930294247,1.1153130779209228,1.0028646543785145,0.44263565789466514,0.38641134163723967,1.23644697031044,0.7148464100326699
0.9933312623071666,1.52128475746143,-0.6222286111947348,-0.18032104812422936,0.5529164564204074,-0.7168657789951522,-1.1635037664796009
-1.6359221922390914,-1.401711335230222,1.4264527316146887,-1.0773787047914374,0.6871062022033747,-1.3113522679142455,-0.6268322874760949
-0.6209402921309838,0.9990575515070503,0.4740538764088355,0.0937799025240842,-0.23349459310516715,-1.056572344091777,0.4465106705309169
-0.9812069051386397,0.8034530150011696,0.44737116288214734,-1.1832813448146495,0.5515787831938196,-1.6510588330108702,-1.1635037664796009
-0.5759069655050268,-0.9274626004942658,0.7515540970863921,-1.3577092224999399,0.7226601484889983,-1.566132191736714,-0.8951680269778478
-1.350133773266672,-0.38309148474676746,0.10417926161986403,-1.4013161919212624,0.7537786519706728,-1.6510588330108702,-1.4318395059813538
-0.6434569554439623,0.7130320500126021,1.532081473640991,1.5328098934277303,0.7061856466457589,-0.8017924202693084,2.0565251075414346
0.5932274757457795,0.45468643575955203,-1.1923105862823238,-0.5229472364346213,-0.6891483363933962,-0.037452648801902785,-1.4318395059813538
-0.9413697315849086,0.4454598066790859,-0.0596584000238982,-0.9652464977080364,-0.37134533929774327,-1.7359854742850265,-1.1635037664796009
0.5014287714697903,1.3312161984038289,0.2902041796200572,-0.2550758528464967,0.003977606541185847,0.3871805575688781,-0.35849654797434194
-1.1561440585702418,0.24616461854101876,0.08402221172742028,0.26820778020937464,-0.7661701527032421,-0.2922325726243713,0.4465106705309169
-1.7190606413947043,0.8219062731621017,-0.4451946075350562,1.4019889851637626,-0.5421450891767983,1.4912268941329085,1.5198536285379287
0.6936864351421451,-1.6988087916212296,-0.4934265125294935,-1.2580361495369168,1.2304127437601213,-1.1414989853659332,-1.4318395059813538
1.4107555591093064,0.13729039539151908,0.3409013353207646,-0.0744184081010173,1.4302188814999226,0.3871805575688781,-0.6268322874760949
-0.7162030984551236,-1.3352796058508662,1.1428618915451705,0.8101801144458128,-0.778842846428811,-1.3113522679142455,0.9831821495344228
0.07534421954727419,1.2297232785187022,0.3086500554928546,-0.24884628578630774,-1.5359658926775155,0.3022539162947219,0.17817493102916399
0.9638863948978871,1.0765612357829653,-0.3232372049484001,1.0842810650941264,1.6952893919264032,-0.9716457028176207,0.7148464100326699
1.0002594664034676,0.6595176013458989,-0.026217999267081443,0.31804431669088623,-1.5095644474159138,1.321373611584596,0.7148464100326699
-1.1232350891128118,0.9344711479437878,-0.5339436329607797,1.24002024159885,-0.7856720202698119,-1.4812055504625579,0.7148464100326699
-1.1284312421850375,-1.17104560821857,1.548584151898258,0.4301765237742872,1.324613100453516,0.6419604813913466,0.4465106705309169
-0.24335316888257524,-1.6785102076442042,-1.0400160985338027,0.31804431669088623,-1.4497915753436477,-1.1414989853659332,0.17817493102916399
-0.2831903424363064,-0.327731710263971,0.8943356174036591,0.6544409379410893,-1.534135392472711,-0.9716457028176207,1.2515178890361758
0.6036197818902311,0.021034868977646556,-0.8493797115654103,-0.9465577965274695,-0.6754899887113943,1.6610801766812209,-0.8951680269778478
-0.03204294394539247,0.5598700072768652,0.4164830216800573,0.0937799025240842,1.4519736723954824,1.5761535354070646,0.17817493102916399
1.5094824674815968,0.9160178897828557,-0.3013399780868245,1.1901837051173385,0.49926871964883285,-0.9716457028176207,0.7148464100326699
1.324153007905543,-1.3463515607474255,-0.8693047378619698,0.7665731450244903,-0.5246849333771256,-0.8867190615434646,0.4465106705309169
-1.6757593657928225,0.46022241320783164,1.4969298988645279,-0.26130541990668565,0.14443329533290664,-1.056572344091777,-0.35849654797434194
-0.4962326183975645,1.2740110981049393,1.1910357906406368,1.1777245709969606,0.33663581683736665,0.3022539162947219,1.7881893680396816
-0.5464620980957473,-0.5067283144250129,-0.19562422721206554,-0.14294364576309568,-0.7104103003107394,-0.7168657789951522,-0.35849654797434194
1.5129465695297473,0.8200609473460085,-1.5912751594052825,0.8973940532884581,0.017917569639311518,-0.12237929007605897,-0.35849654797434194
-1.157876109594317,-0.9846677007931555,-0.5476330251179502,-1.3826274907406957,-0.7913747324463178,-0.6319391377209961,-0.6268322874760949
1.4055594060370806,1.6633748453006076,1.0737768658706368,-1.5570553684259862,1.4904845805504054,-0.6319391377209961,-0.35849654797434194
0.6746338738773172,-0.34064899097662354,0.04080781699397972,-0.44819243171235396,-1.016174238367102,0.4721071988430343,-0.35849654797434194
-0.8495710273089193,1.2850830530014987,0.9237156052325015,-1.4823005637037188,1.4084640906043628,-1.2264256266400893,-0.6268322874760949
-1.5233388756741988,1.5674179028637605,1.715206096692631,0.567226999098444,-0.7747594228950165,-0.9716457028176207,0.7148464100326699
-0.6832941289976935,-1.540110771437213,1.3273496532226305,1.3210046133813063,-0.1490803721220728,-0.8017924202693084,1.7881893680396816
-1.312028650737016,-1.0713980141495365,-0.3079526505695255,1.6885490699324541,1.1413518684109851,0.4721071988430343,1.2515178890361758
-0.025114739849091395,-0.8610308711149101,-0.28950677469672803,-0.9839351988886033,1.351648180401396,-0.9716457028176207,-1.1635037664796009
-1.504286314409371,-0.5657787405399957,0.7658235482332731,-0.6226203093976445,-1.6193944597041767,1.4063002528587523,0.17817493102916399
1.1751966198350698,1.1891261105646513,1.2550743031046885,1.4269072534045184,1.388046972935391,1.321373611584596,1.7881893680396816
-0.5429979960475968,-1.4681430646095777,1.3628782663424055,0.2059121096074852,1.413955591218776,0.3871805575688781,0.4465106705309169
-1.447128630614887,-0.3720195298502082,0.7214490355204113,-1.1770517777544605,-0.07480430611943349,1.4912268941329085,-0.09016080847258898
0.7820210373699839,1.5655725770476672,-1.1789692295189798,-0.48556983407348764,0.65746617965635,-0.2922325726243713,-1.7001752454831067
-0.7456479658644032,0.3144416737364677,0.1257864589865843,0.2432895119686189,-0.49743864186715275,0.6419604813913466,0.4465106705309169
-0.5585864552642742,-0.8019804449999272,-1.616449719558723,-1.5072188319444746,-1.1086144987097233,1.5761535354070646,-1.4318395059813538
0.15675061767881182,1.1835901331163718,-1.2772602253254428,-1.4823005637037188,1.496609715851097,-0.2922325726243713,-1.7001752454831067
-0.5672467103846505,0.910481912334576,0.15226615186687373,-0.8655734247450133,-0.11387844510660393,-0.3771592138985275,-0.35849654797434194
0.05975576033059677,0.9621510351851861,0.486380129940186,0.3242738837510752,0.6361338118849759,-1.1414989853659332,0.17817493102916399
-1.2306222526054784,0.3365855835295863,-0.49510868359965426,-1.2954135518980505,-1.0008966020423886,1.321373611584596,-0.6268322874760949
0.9517620377293602,-0.5085736402411061,1.5489611902415696,-1.2580361495369168,-0.9905472354998407,1.4063002528587523,0.17817493102916399
1.3328132630259193,-0.5270268984020382,-1.375667232929848,-0.9340986624070917,-1.4523261140887613,-1.056572344091777,-1.4318395059813538
0.937905629536758,-0.3129691037352253,1.5660149245390618,1.0531332297931817,1.4519032685414515,-0.5470124964468399,1.5198536285379287
0.7439159148403279,1.1596008975071601,1.455223657504335,1.4518255216452742,1.0821422271709664,-0.8017924202693084,1.7881893680396816
0.8547671803811451,1.1116224262887364,-0.0833828127030622,-1.2019700459952163,-0.9000782830700857,-0.7168657789951522,-0.35849654797434194
1.318956854833317,-0.45874984320658924,-1.3781324836361182,-1.226888314235972,-0.8431215651590571,-0.8017924202693084,-1.4318395059813538
0.866891537549672,0.8458955087713135,0.24220429822150405,0.18099384136672944,1.0641188405390463,0.4721071988430343,-0.09016080847258898
-0.7560402720088548,-0.6949515476665208,1.703836940494303,-1.6629580084491982,1.309969098815081,-0.3771592138985275,-0.35849654797434194
-1.0833979155590805,-1.3777220996210102,-0.020185385774091083,1.034444528612615,-1.3425665056545295,0.6419604813913466,1.7881893680396816
0.9101928131515538,-0.8315056580574186,-1.6988470990471154,-0.03704100573988363,1.643612963067695,-0.037452648801902785,-1.7001752454831067
0.9067287111034031,-0.9828223749770623,0.9891752622213441,0.2868964813899415,0.8074263887422474,-0.7168657789951522,0.4465106705309169
-1.040096639957199,-0.17641499334432742,-1.2091903028829025,0.3616512861122088,0.14907994969894853,0.7268871226655028,-0.8951680269778478
-0.00606217858426344,-1.599161197552196,-0.19866953690804626,-0.8219664553236906,-0.2501099026564685,0.3022539162947219,-0.6268322874760949
0.4096300671938011,-1.2227147310691802,1.5536306651087401,-0.5354063705549992,-0.7102694926026776,-1.2264256266400893,-0.35849654797434194
-0.11691344412508065,0.4842116488170434,0.7319481032341734,-0.6973751141199118,-0.31100923639322964,1.23644697031044,-0.09016080847258898
-1.0123838235719946,0.8532768120356864,-1.1703843564712628,1.4019889851637626,1.3605190660092943,-1.4812055504625579,0.17817493102916399
-1.318956854833317,-0.9496065102873844,-1.472740104857919,-0.2114688834251741,0.6821075285671782,0.8967404052138152,-1.7001752454831067
-1.0626133032701774,-1.4829056711383235,0.027582472028577776,1.6698603687518871,-0.4107714975550684,0.047473992472253396,1.7881893680396816
1.0383645889331237,-1.669283578563738,1.2137741030372928,-1.3078726860184284,-1.6297438262467245,0.6419604813913466,0.17817493102916399
-0.8824799967663495,0.7499385663344663,-0.7496965741836417,1.3272341804414953,-0.4171078444178528,1.23644697031044,0.9831821495344228
1.0816658645350052,1.5415833414384554,-0.47016614704209797,-0.24884628578630774,1.5557489532370847,1.4063002528587523,-1.1635037664796009
1.124967140136887,1.726115923047777,0.6121079159599611,1.5514985946082973,-1.2704025552728182,0.3022539162947219,2.3248608470431877
0.38364930183267204,-0.9643691168161301,0.8761217651267459,-1.2829544177776726,0.36247403126672084,0.3022539162947219,-0.35849654797434194
1.0089197215238441,1.5618819254154808,-0.24617636816534536,-1.332790954259184,0.47441615917591184,-0.4620858551726837,-0.6268322874760949
-1.72425679446693,-0.8112070740803933,0.7131541919675496,0.3305034508112641,0.5249661263701252,-0.037452648801902785,0.4465106705309169
0.20005189328069353,0.032106823874205846,-1.451857981228337,0.17476427430654048,1.6725489470744104,-1.4812055504625579,-1.4318395059813538
-1.1336273952572633,-0.6801889411377751,1.4807752560010874,0.9908375591912922,1.521321468615956,-1.7359854742850265,0.17817493102916399
-0.937905629536758,-0.45690451739049603,-0.508160010868143,-1.2081996130554051,-0.010595991243218266,0.7268871226655028,-0.8951680269778478
1.6740273147687472,0.5395714232998399,1.4829794801619878,0.29312604845013046,-1.2142906836101608,-0.2922325726243713,0.9831821495344228
-0.982938956162715,-0.9514518361034776,0.8063696716140448,0.34919215199183096,-1.6331936150942403,-1.1414989853659332,0.7148464100326699
-0.5689787614087258,1.5563459479672013,1.5095751848402192,0.6855887732420339,0.8268578524547862,-1.6510588330108702,0.17817493102916399
0.44080698562715587,-1.4367725257359931,0.27135226245446226,0.0937799025240842,-0.21645686042968024,1.321373611584596,0.4465106705309169
0.7075428433347473,-1.1894988663795023,-0.3125931224872104,-0.666227278818967,1.5822912062067482,-0.4620858551726837,-0.8951680269778478
-0.4806441591808871,1.1706728524037193,-0.5534046120655708,1.4331368204647073,0.13675927524353443,1.1515203290362837,1.2515178890361758
-0.35940058749561826,0.13359974375933265,0.6255652845212473,-0.38589676111046456,0.3578977807547099,-0.8867190615434646,-0.35849654797434194
1.4956260592889945,0.31075102210428124,0.9749928199229196,-1.5570553684259862,-1.4692934429102174,-0.5470124964468399,0.17817493102916399
-1.570104253324231,0.6207657592079413,1.6163930477954283,0.3305034508112641,-0.22138513021184586,0.3022539162947219,0.7148464100326699
0.5741749144809516,1.3349068500360155,1.1296655495292542,-1.2767248507174835,-1.5263205646752769,-0.7168657789951522,0.17817493102916399
-1.1007184257998333,1.4843782411395658,0.09774060683407625,0.6357522367605224,0.6377531005276874,-0.8867190615434646,0.7148464100326699
-1.124967140136887,-0.6322104699193515,1.5591412255109909,1.5514985946082973,0.08071780743490799,-0.8867190615434646,2.0565251075414346
0.8720876906218978,1.5784898577603197,0.29948512345542694,0.7977209803254349,-1.1616286007950194,-0.20730593135021513,1.5198536285379287
-0.23469291376219892,-0.8425776129539779,-1.620713153133096,-1.444923161342585,0.0762823646309589,-1.2264256266400893,-1.9685109849848597
1.3362773650740698,-0.18933227405697992,0.5900656743509578,0.22460081078805205,-0.04607953367481089,0.7268871226655028,0.7148464100326699
0.4685198020123602,-0.7300127381722918,-1.497073579476279,0.26820778020937464,-1.6543851751575527,-0.6319391377209961,-0.09016080847258898
1.279119681279586,-1.3721861221727305,-0.864722271843256,0.7852618462050571,1.0653157060575724,-0.8867190615434646,0.17817493102916399
0.030310892921317202,0.28676178649506945,0.6421549716269707,-1.7065649778705207,-1.5675068192833754,1.5761535354070646,0.17817493102916399
-1.7155965393465538,1.6043244191856247,0.8445375531370031,-0.6911455470597229,-1.262798939037477,-1.4812055504625579,-0.35849654797434194
0.5360697919512957,-1.4515351322647387,-0.6647179321910371,-1.569514502546364,-0.3389595664435119,-1.566132191736714,-1.4318395059813538
-0.6954184861662204,0.4436144808629927,-0.8923910856524522,-1.5134483990046634,0.4871592567555116,-0.8017924202693084,-1.1635037664796009
-1.338009416098145,-0.6340557957354447,1.0816366651812155,1.3521524486822512,-1.4194475142563134,-0.9716457028176207,1.7881893680396816
-0.4338787815308548,1.2057340429094905,-1.4136030908569222,0.9223123215292138,-0.9038800911877564,-1.7359854742850265,-0.8951680269778478
-0.7872171904422096,-0.8444229387700711,-0.1074552607760526,-1.5570553684259862,1.385653241898339,-0.2922325726243713,-0.8951680269778478
-1.1457517524257903,-0.4901203820801739,-1.3829469732507162,1.0655923639135596,0.8674808762306373,0.8967404052138152,0.17817493102916399
0.7196672005032742,-0.09337533162013276,1.1333489241139165,1.2026428392377164,0.468572639291344,1.1515203290362837,1.7881893680396816
0.5603185062883494,1.5175941058292437,0.6519869715025656,0.5049313284965545,0.16646970164459016,-0.8017924202693084,0.7148464100326699
-0.45293134279568276,-1.255930595758858,0.9186400890725337,0.8911644862282692,-0.0488956878360484,0.5570338401171905,1.2515178890361758
-0.8478389762848441,-1.2965277637129087,1.5598953021976147,-0.6599977117587781,-1.5141406979279246,0.047473992472253396,0.17817493102916399
1.298172242544414,-1.711726072333882,-1.375116176889623,-0.8219664553236906,-0.7618051137533239,0.3871805575688781,-1.4318395059813538
-0.3368839241826398,0.04317877877076513,-0.0705635090304577,-0.08687754222139518,0.8283363333894359,-0.8867190615434646,-0.8951680269778478
0.5966915777939301,1.7076626648868447,-1.1247627169305232,0.8101801144458128,0.7022430308200264,0.3871805575688781,0.17817493102916399
-0.5152851796623924,-1.204261472908248,0.881052266539286,-0.7160638153004786,1.4904141766963743,-0.7168657789951522,-0.35849654797434194
1.3726504365796504,1.098705145576084,-0.6187772602059567,0.2432895119686189,-0.5956520182403109,0.3871805575688781,0.17817493102916399
-0.9240492213441559,0.2535459218053916,1.677154226967615,0.17476427430654048,-1.1528281190411522,-0.6319391377209961,0.9831821495344228
1.0522209971257257,0.9806042933461182,-1.6471348401144144,0.9846079921311033,-0.06184999697774094,0.3871805575688781,-0.35849654797434194
0.2624057301474032,-0.7392393672527579,-1.582342250963739,1.3396933145618732,1.219429742531295,1.5761535354070646,0.17817493102916399
0.589763373697629,-0.9717504200805029,-0.5240826301356993,-0.08064797516120624,1.521251064761925,0.811813763939659,-1.1635037664796009
-0.3697928936400699,1.1060864488404567,1.2693437542515695,1.4206776863443293,-1.5853893982072338,0.3022539162947219,2.3248608470431877
-0.1359660053899086,-0.5399441791146907,-1.54385533699644,-1.1832813448146495,-0.5792479202511024,1.6610801766812209,-1.7001752454831067
-0.0857365256917258,0.21848473129962054,-0.6419506168448956,-1.4885301307639078,-0.22173714948200055,-0.12237929007605897,-0.8951680269778478
0.7006146392384462,-1.314981021873841,-0.3944974518343487,-1.5321371001852304,0.624587579823902,0.6419604813913466,-0.8951680269778478
-1.073005609414629,1.0248921129323554,-0.33222811928891455,-1.4013161919212624,-0.5432011469872623,1.4063002528587523,-0.35849654797434194
-0.07707627057134946,-1.471833716241764,-0.11995553200431627,-1.457382295462963,-0.37204937783805264,1.4912268941329085,-0.35849654797434194
-1.305100446640715,-1.0381821494598586,-1.203795754278594,-1.675417142569576,0.07557832609064953,-0.8017924202693084,-1.7001752454831067
-1.6168696309742634,-0.07861272509138703,-0.8288746262791402,1.4393663875248963,-0.6560585249988555,0.6419604813913466,1.2515178890361758
-1.220229946461027,1.237104581783075,0.26204231566960695,-1.575744069606553,1.5571570303177034,1.0665936877621276,-0.8951680269778478
-0.4789121081568118,1.4013385794153712,-0.19078073464798193,1.0718219309737484,0.859877259995296,0.5570338401171905,0.9831821495344228
-1.3414735181462956,1.31460826605899,0.3941797535256843,-0.1554027798834736,-1.0769327643958013,-1.1414989853659332,-0.09016080847258898
-1.3518658242907473,1.0968598197599908,0.8346475473624372,0.673129639121656,0.8602292792654507,-0.3771592138985275,0.9831821495344228
1.679223467840973,1.709507990702938,1.2555673532459424,-0.23015758460574093,-0.7773643654941612,-0.9716457028176207,-0.35849654797434194
0.9396376805608333,-1.5290388165406539,-1.0727024226039956,-0.9901647659487922,0.7088609930989346,-0.2922325726243713,-1.1635037664796009
-1.6705632127205967,1.596943115921252,-1.110986315924896,1.3521524486822512,-0.7261103597596386,-0.7168657789951522,0.9831821495344228
0.03377499496946774,1.0488813485415671,-1.0916703515675328,-1.2580361495369168,-1.0372953945763834,-1.056572344091777,-0.8951680269778478
-1.2843158343518117,0.5100462102423484,-1.4569915032872758,-0.6599977117587781,-0.5715034963076993,1.6610801766812209,-1.7001752454831067
1.2167658444128764,0.6798161853229242,0.5597865950880638,-1.3265613871989952,0.28122798371501867,-1.566132191736714,-0.8951680269778478
0.9708145989941881,0.5358807716676535,1.5532826297149138,-0.896721260045958,0.5003247774592969,1.5761535354070646,-0.09016080847258898
0.09439678081210215,-1.2190240794369938,-0.3029641432580142,0.12492773782502893,0.5823452674053394,-1.3962789091884016,-0.6268322874760949
-1.5804965594686826,-0.3517209458731828,0.5986215444491894,-1.457382295462963,-0.006512567709423877,-0.2922325726243713,-0.09016080847258898
-0.10998524002877956,-0.55101613401125,0.839723063522405,0.3741104202325867,-0.2896768686218555,0.811813763939659,0.7148464100326699
-0.3645967405678441,1.168827526587626,-0.8416649270022591,1.4144481192841405,-0.1315498124683693,1.1515203290362837,1.2515178890361758
0.40789801616972576,0.9455431028403471,0.1346903644786422,1.5639577287286752,-0.6602123523866809,-0.037452648801902785,1.7881893680396816
-0.6122800370106075,1.6264683289787434,1.712914863683274,-0.48556983407348764,-0.16576608552740504,1.0665936877621276,-0.09016080847258898
-0.7854851394181344,0.600467175230916,0.4596684134640123,-0.8219664553236906,1.4645055584129894,-0.20730593135021513,-0.6268322874760949
0.6677056697810161,-0.748465996333224,-1.2131347040129348,1.6075646981499978,-0.9113428997150358,-1.1414989853659332,0.4465106705309169
1.3414735181462956,0.12437311467886658,-0.8745252687693653,0.44263565789466514,-0.8667068562594212,0.8967404052138152,0.17817493102916399
-0.018186535752790323,-1.4607617613452049,-0.004146754708592675,-0.9154099612265248,0.02601401285286936,1.23644697031044,-0.6268322874760949
0.7785569353218333,-0.9237719488620794,0.6677935789721797,0.05640250016295054,0.6468351976976784,1.321373611584596,0.4465106705309169
-0.8062697517070376,-0.276062587413361,-0.79169284503869,1.0780514980339375,0.07360701817778327,-0.037452648801902785,0.7148464100326699
-1.0366325379090484,0.3993266612767556,-0.010150365252097504,-1.0213126012497369,0.8192542362194449,1.1515203290362837,-0.8951680269778478
1.0574171501979515,-0.8462682645861643,-0.7865593229797511,-1.3265613871989952,-1.6660018110726573,-1.1414989853659332,-0.6268322874760949
0.42868262845862903,-1.7209527014143482,0.7778017663707972,-0.005893170438938906,0.838333680661829,0.13240063374640956,-0.35849654797434194
-1.2687273751351344,-0.6008399310457668,-1.7214693996458292,0.7354253097235455,-0.7741257882087381,1.1515203290362837,-0.35849654797434194
1.5146786205538225,-0.23915607109149672,1.6599844808721809,-1.1022969730321932,-0.5755165159874627,0.4721071988430343,-0.09016080847258898
-0.14809036255843547,-1.1359844177127991,1.3015950340794795,-1.687876276689954,-0.6097327890464984,-0.12237929007605897,-0.09016080847258898
1.24101455874993,-0.250228025988056,0.011456832114622775,-1.1895109118748384,0.17351008704768392,0.6419604813913466,-0.6268322874760949
0.9084607621274784,-0.6598903571607496,1.668743371616811,-0.3983558952308424,1.3952281660465466,0.8967404052138152,-0.35849654797434194
1.3137607017610913,1.2426405592313547,-0.6637608348580146,1.1091993333348822,1.087211304661194,-0.6319391377209961,0.7148464100326699
0.6399928533958118,-0.7779912093907154,0.8187249280948808,-0.38589676111046456,-0.7059044536527594,-0.037452648801902785,-0.09016080847258898
-0.7750928332736827,1.0673346067024994,0.3206862795293498,1.2836272110201727,-1.5994701690134212,1.321373611584596,2.0565251075414346
0.641724904419887,1.0525720001737535,-1.1566369584151213,0.7229661756031677,-1.6168599209590628,0.8967404052138152,0.9831821495344228
-0.23642496478627417,0.9547697319208132,-1.4763944764930959,0.0065659636814389835,-0.019959703829332986,-0.3771592138985275,-1.7001752454831067
-1.0556850991738762,0.583859242886077,-0.07795926114926799,0.7229661756031677,-0.029323416415447705,-1.4812055504625579,0.17817493102916399
-1.5146786205538225,0.07270399182825657,-0.4435414394143809,-0.11179581046215097,-1.3457346790859217,1.0665936877621276,-0.09016080847258898
-0.151554464606586,0.8237515989781949,0.47646112121613454,-0.24884628578630774,0.17780472214357113,-0.12237929007605897,-0.35849654797434194
-1.4246119673019084,0.05425073366732442,-0.6199663811348635,0.13115730488521787,0.8167196974743312,0.811813763939659,-0.35849654797434194
1.3968991509167041,0.08562127254090907,0.6717089771527264,-1.2829544177776726,-1.2430858599088144,-0.2922325726243713,0.17817493102916399
0.956958190801586,0.18711419242603589,-0.1441729948247343,-0.14294364576309568,-1.6710708885628849,-0.037452648801902785,-0.09016080847258898
0.892872302910801,0.23140201201227303,0.8670148389882892,0.8039505473856239,-1.0887606118729989,-0.8867190615434646,1.5198536285379287
-1.0885940686313065,-1.6360677138740602,-0.806455346326825,1.24002024159885,-0.5773470161922671,0.7268871226655028,0.9831821495344228
-1.2912440384481128,0.480520997184857,-0.02053342116791745,-1.7065649778705207,-0.3862709563523021,0.7268871226655028,-0.35849654797434194
0.06668396442689785,0.49897425534578915,1.456209757786843,1.6075646981499978,-0.07839490267501131,1.4912268941329085,2.0565251075414346
1.215033793388801,-1.730179330494814,-0.608684233784992,-0.6475385776384002,0.6100843858935289,0.8967404052138152,-1.1635037664796009
-1.5527837430834783,-0.1229005446776242,-0.9998760164458285,0.9223123215292138,0.05375313134105883,0.3022539162947219,0.17817493102916399
-1.6670991106724462,-1.06770736251735,-0.2947853115030946,1.1590358698163938,1.0127944309504928,-1.056572344091777,0.7148464100326699
-0.6746338738773172,-1.0769339915978162,1.4867498635951066,1.3957594181035737,0.13063413994284284,0.7268871226655028,1.7881893680396816
-0.4563954448438333,1.2260326268865158,0.07972977520356175,-0.14294364576309568,-1.0399707410295589,1.6610801766812209,-0.35849654797434194
-0.6936864351421451,-1.556718703782052,-1.3517397996042855,-1.2144291801155942,1.048841204214333,-0.20730593135021513,-1.7001752454831067
-0.07534421954727419,-0.6451277506320039,-0.8554413280078862,-0.4731106999531098,-0.2795387136414004,0.9816670464879713,-0.8951680269778478
1.7190606413947043,-1.5327294681728403,-0.3074305974787859,-0.31737152344838615,1.1984493940300756,1.0665936877621276,-0.8951680269778478
-0.22256855659367203,0.8385142055069407,0.4169760718213113,0.1062390366444621,-0.013623356966548589,-1.4812055504625579,0.17817493102916399
0.3160993118937365,-0.8647215227470965,-0.3926122601177892,-1.47607099664353,1.3629127970463462,1.23644697031044,-0.8951680269778478
0.2745300873159301,0.7407119372540003,0.4279391867268419,1.0967401992145043,1.6634668499044194,1.6610801766812209,1.2515178890361758
-1.1596081606183923,0.17235158589729016,-0.6324376494136416,-0.30491238932800824,-1.5181537176076882,-1.566132191736714,-0.8951680269778478
1.6082093758538871,1.1559102458749735,0.9010933046337877,-0.7409820835412344,0.2583467311549639,1.23644697031044,-0.09016080847258898
1.6636350086242957,-1.0990779013909349,-0.6348738971704261,1.370841149862818,-1.4064932051146208,-0.5470124964468399,1.5198536285379287
1.6948119270576505,1.7058173390707516,-1.673788550691617,0.47378349319560986,1.134452290715953,0.21732727502056576,-0.8951680269778478
1.5493196410353278,-1.3537328640117985,1.3981748558662963,1.6511716675713204,-0.9935041973691401,1.4063002528587523,2.3248608470431877
-0.7802889863459086,-1.1193764853679602,0.7450574364016332,1.0593627968533705,0.5189113949234645,-0.2922325726243713,1.5198536285379287
-0.08227242364357526,1.6855187550937263,-0.25252801410267656,0.2059121096074852,-0.5227136254642594,-1.2264256266400893,0.17817493102916399
0.22603265864182256,-1.0492541043564179,-0.7137619197710693,-0.7347525164810454,-1.2565329960287235,1.1515203290362837,-0.6268322874760949
-0.26067367912332795,-0.5602427630917161,-1.7263999010583695,-0.672456845879156,1.1633178708686376,0.811813763939659,-1.7001752454831067
0.49796466942163975,1.1965074138290244,0.3941797535256843,-0.7285229494208565,0.19977072460122372,0.811813763939659,-0.35849654797434194
-0.582835169601328,-0.6912608960343343,1.5313563999038526,0.8164096815060018,1.003501122218409,-0.6319391377209961,0.9831821495344228
1.1873209770035966,1.4659249829786336,0.8498740958423407,0.3741104202325867,1.0267343940486184,0.3022539162947219,0.4465106705309169
-1.459252987783414,-1.246703966678392,1.201534858354399,-1.12098567421276,1.5062550438533353,-0.9716457028176207,-0.6268322874760949
-1.4644491408556397,-0.997584981505808,1.0736608540726946,-1.1521335095137046,-1.5249124875946583,-0.8867190615434646,0.17817493102916399
-0.5984236288180054,0.2886071123111627,-1.5707410711695269,-0.6226203093976445,0.09198242407985803,0.8967404052138152,-1.7001752454831067
0.17753522996771504,0.5986218494148228,1.7045040083324703,-1.2954135518980505,0.4217540763607704,1.4912268941329085,-0.09016080847258898
-1.260067120014758,1.0710252583346858,0.548040400546424,-1.5072188319444746,0.10366946384899368,0.047473992472253396,-0.09016080847258898
0.6209402921309838,1.26293914320838,1.0755750487387397,0.1623051401861626,1.3037735596603583,0.3871805575688781,0.4465106705309169
1.5216068246501235,-1.0178835654828333,0.13112300169192193,-0.1740914810640404,0.4168962104326357,-0.9716457028176207,-0.8951680269778478
-1.2808517323036612,-1.152592350057638,1.408818938327486,0.0937799025240842,-0.17625625977801476,-0.037452648801902785,0.7148464100326699
0.7144710474310484,-0.4402965850456571,1.6799385101182258,0.2183712437278631,1.5603956076031265,-0.6319391377209961,0.4465106705309169
0.4910364653253387,-0.2631453067007085,1.675298038200541,-1.3950866248610736,-1.5666619730350042,-0.3771592138985275,0.17817493102916399
1.0868620176072312,-1.5530280521498656,-0.6692133893612944,1.1590358698163938,-1.0982651321671755,-0.037452648801902785,1.2515178890361758
0.7023466902625215,0.41224394198940806,1.191760864377775,-0.6599977117587781,-0.5551698021725217,0.4721071988430343,-0.09016080847258898
1.3154927527851665,-1.1415203951610786,1.2796688042684183,0.06263206722313949,-0.7782092117425324,-0.8017924202693084,0.7148464100326699
1.0071876704997689,-0.2705266099650814,-0.8823850680799441,0.44263565789466514,-1.6988100070510743,-1.2264256266400893,0.17817493102916399
-0.7369877107440268,-0.9920490040575283,0.5505636571516651,0.03771379898238371,0.7380081886677428,0.3871805575688781,0.4465106705309169
1.6757593657928225,1.1448382909784143,1.2913279899616017,-1.457382295462963,0.38767861100979656,1.4063002528587523,-0.09016080847258898
0.19312368918439246,1.5581912737832944,-0.41784482617020086,-1.3078726860184284,0.47793635187745875,0.4721071988430343,-0.8951680269778478
1.4384683754945107,1.5600365995993877,-0.9246423654803622,-0.2862236881474414,0.3614883773102877,-0.3771592138985275,-1.1635037664796009
0.5637826083365,-0.34249431679271675,0.6628920805091251,-0.08687754222139518,0.1102170222738709,-0.3771592138985275,-0.09016080847258898
-0.8842120477904247,-1.7154167239660685,-1.0344185292830954,1.034444528612615,-1.4910482338057771,-1.3962789091884016,0.9831821495344228
-0.8149300068274139,1.0156654838518893,0.6031170016194466,-1.3826274907406957,0.5800219402223185,1.4063002528587523,-0.35849654797434194
0.5533903021920483,0.6724348820585513,-0.8044251398628379,0.3865695543529646,-0.8936715323532703,1.1515203290362837,0.17817493102916399
-1.6567068045279945,-1.2946824378968156,0.8193049870845914,-1.575744069606553,-1.25251997634896,-1.056572344091777,-0.09016080847258898
0.7612364250810806,-1.006811610586274,1.1151350718370034,-0.678686412939345,0.25616421168000486,-0.6319391377209961,-0.09016080847258898
-0.5014287714697903,-0.5196455951376654,0.9834036752737235,-1.2704952836572947,-1.3597450460380782,-0.9716457028176207,-0.09016080847258898
1.2375504567017794,0.3790280772997302,1.16032166713546,0.012795530741627929,-0.8856454929937435,-1.1414989853659332,-0.09016080847258898
-0.5603185062883494,-1.2743838539197903,0.7486828050873245,0.06263206722313949,-1.327218465475785,0.13240063374640956,0.9831821495344228
-0.499696720445715,0.19634082150650195,0.8310801845757169,-1.5944327707871198,1.1507859848511308,-1.3113522679142455,-0.6268322874760949
-1.2236940485091774,1.2389499075991683,1.4297300649065536,0.5298495967373104,-1.5739839738542218,0.047473992472253396,0.9831821495344228
1.0227761297164462,-0.25576400343633565,-1.2372361550354107,1.3770707169230068,0.9939966019242323,-1.3962789091884016,-0.35849654797434194
0.8114659047792634,-0.8979373874367743,0.631075844923498,0.7603435779643013,-0.2247645152053309,0.21732727502056576,1.2515178890361758
-1.5666401512760806,0.153898327736358,-1.3878194687642855,0.44886522495485404,0.20582545604788435,-1.7359854742850265,-1.7001752454831067
1.2912440384481128,-0.0066450182637516645,1.6770672181191584,-0.8406551565042575,0.47293767824126215,0.8967404052138152,-0.09016080847258898
0.2243006076177473,0.128063766311053,0.6280885411264884,-0.14294364576309568,-0.2715830781359045,1.1515203290362837,-0.09016080847258898
-0.6988825882143709,1.4585436797142608,0.6998708411031765,-0.061959273980639405,0.039953975950995035,-0.9716457028176207,-0.35849654797434194
1.1942491810998979,-1.4496898064486456,-1.6073137904707808,0.2059121096074852,0.1658360669583117,-1.6510588330108702,-1.7001752454831067
-0.7144710474310484,0.6170751075757549,-0.5827845998944132,-1.0711491377312485,-0.038757532855593364,-1.1414989853659332,-1.1635037664796009
-0.8131979558033386,-1.2319413601496463,1.2406888401598652,-1.2081996130554051,-0.6432450235652248,-1.4812055504625579,-0.6268322874760949
1.170000466762844,0.6632082529780853,-0.08141061213804614,0.18722340842691837,0.8371368151433031,-0.12237929007605897,-0.09016080847258898
-0.37672109773637097,0.9178632155989489,-1.6303421323622922,-1.1147561071525711,1.3240498696212686,0.047473992472253396,-1.7001752454831067
0.3247595670141129,1.6873640809098194,0.44603702720581295,0.8787053521078912,0.7891917905482345,-1.2264256266400893,0.7148464100326699
0.18099933201586557,0.39563600964456913,-0.37016397721598854,-0.5291768034948102,1.2806810955382109,1.321373611584596,-0.8951680269778478
-1.452324783687113,0.8754207218288049,1.0268500936030482,-0.6288498764578334,1.6930364685974133,0.9816670464879713,-0.35849654797434194
-0.34381212827894087,-1.6139238040809416,-1.2576252285237386,1.4331368204647073,0.8150300049775886,-0.4620858551726837,0.4465106705309169
-0.9327094764645322,0.5672513105412381,-1.4145601881899446,0.4862426273159877,-1.082987495842462,0.3871805575688781,-0.35849654797434194
-0.27626213834000535,-0.6525090538963768,1.7007336248993512,0.9721488580107254,-0.5348934922116116,1.4912268941329085,1.2515178890361758
-0.7404518127921774,0.076394643460443,-0.6353379443621946,-0.9465577965274695,1.384667587941906,-0.4620858551726837,-1.1635037664796009
-1.5683722023001558,-0.4808937529997078,-0.5151787246436415,-0.8593438576848244,-0.7049892035503572,-0.2922325726243713,-0.6268322874760949
0.2918505975566828,0.6447549948171531,1.08433393948337,-1.0275421683099257,-0.136407678396504,-0.6319391377209961,-0.09016080847258898
-1.1526799565220913,0.7351759598057206,-0.17767140148052213,0.7042774744226008,1.331583082002579,1.0665936877621276,0.4465106705309169
-0.17580317894363978,-1.084315294862189,-1.089495130356118,-0.5104881023142435,1.360800681425418,-0.4620858551726837,-1.1635037664796009
1.5960850186853601,-0.9662144426322233,-0.9938724059023236,-1.3265613871989952,0.40520917066350004,1.0665936877621276,-1.1635037664796009
-0.3472762303270914,1.5249754090936165,-1.2547829394741568,1.009526260371859,-1.6479080205867065,0.811813763939659,0.4465106705309169
0.13769805641398386,-0.5583974372756229,1.2327130290513444,1.1590358698163938,-0.784404750897255,-0.2922325726243713,1.7881893680396816
1.5683722023001558,1.3699680405417864,0.29336550111397997,-1.6006623378473088,-0.6297978874453157,0.8967404052138152,-0.09016080847258898
1.6878837229613495,0.36795612240317094,1.57465780348575,0.6544409379410893,0.6971739533297988,-0.3771592138985275,1.2515178890361758
-0.8183941088755645,-0.619293189206699,-0.36639359378286956,-1.3078726860184284,0.9054285535533128,-1.2264256266400893,-1.1635037664796009
-0.7491120679125537,-0.29451584557429317,0.2608241917912147,1.6636308016916983,-1.695923449035806,-0.9716457028176207,1.7881893680396816
-0.6036197818902311,-1.5493374005176792,0.15038096015031424,1.35838201574244,-0.8190434470804764,-0.8017924202693084,1.5198536285379287
-0.6486531085161882,-0.835196309689605,1.7154091173390298,-0.4357332975919761,1.190071335400394,0.3871805575688781,-0.35849654797434194
1.5579798961557043,-1.3998660094141286,-0.7211866748393652,-0.46065156583273187,-0.5815712474341234,-0.037452648801902785,-0.8951680269778478
-0.544730047071672,0.14282637283979874,1.3998280239869716,-0.2550758528464967,0.276370117786884,1.23644697031044,-0.09016080847258898
-1.383042742724102,-1.0713980141495365,-1.1316654189080795,-1.4324640272222073,-0.7657477295790565,0.7268871226655028,-0.8951680269778478
1.7277208965150805,-0.8148977257125797,-0.780323688840362,-0.3422897916891419,-0.7034403187616766,0.21732727502056576,-0.6268322874760949
-0.8703556395978226,-0.1616523868155817,1.717555335600959,1.1590358698163938,-0.7467386889907033,-1.3113522679142455,1.7881893680396816
-0.8426428232126182,-0.5141096176893857,1.3778437882769394,-0.1740914810640404,-1.5076635433570784,0.811813763939659,0.17817493102916399
0.2069800973769946,0.7923810601046103,0.07453824724565178,0.9160827544690249,-0.1854087608020367,-1.2264256266400893,0.7148464100326699
0.17060702587141396,-1.74494193702356,1.308671753753949,0.567226999098444,0.37570995582453715,1.23644697031044,0.7148464100326699
-1.6445824473594677,-0.4126166978042589,-0.6352219325642525,-0.7098342482402896,-0.6307835414017489,-1.566132191736714,-1.1635037664796009
-1.118038936040586,1.6209323515304637,1.0808535855451062,1.1590358698163938,-0.6704209112211668,1.5761535354070646,1.7881893680396816
-1.2583350689906827,1.4363997699211422,1.551600458644753,0.19968254254729628,1.4572539614478026,0.5570338401171905,0.4465106705309169
-1.4609850388074892,-0.8942467358045879,-0.46955708510290184,0.679359206181845,-1.5493426249433935,1.1515203290362837,0.9831821495344228
1.1630722626665428,0.6336830399205938,1.3000868807062318,-0.7285229494208565,0.20357253271889433,-1.2264256266400893,-0.35849654797434194
0.6694377208050913,0.49712892952969595,-1.3193725079784333,1.6885490699324541,1.3361593325145897,1.321373611584596,0.4465106705309169
-0.22083650556959677,0.8255969247942881,0.02317402370677713,-0.3422897916891419,1.6725489470744104,-1.6510588330108702,-1.7001752454831067
-0.705810792310672,-0.7945991417355543,-1.470941921989816,-0.9714760647682253,1.4930191192955191,-1.056572344091777,-1.9685109849848597
-0.9742787010423387,0.2166394054835273,-1.2220966154039636,-0.8468847235644464,-1.4676741542675058,1.0665936877621276,-0.8951680269778478
1.3206889058573925,0.4879023004492299,1.109711520283209,-1.23934744835635,-0.5972009030289915,1.1515203290362837,-0.09016080847258898
-0.5360697919512957,-0.628519818287165,-0.8995258112258927,-0.8406551565042575,-0.8887432625711047,-1.566132191736714,-1.1635037664796009
1.1855889259795214,-0.4605951690226825,1.5126204945361998,1.59510556402962,-1.0294101629249184,1.5761535354070646,2.3248608470431877
-0.3351518731585645,-0.4033900687237928,0.8138524325813117,-0.6599977117587781,1.4322605932668198,-0.2922325726243713,-0.35849654797434194
-0.5620505573124247,0.626301736656221,0.9959039465019871,-1.5134483990046634,-1.3255287729790424,-0.037452648801902785,0.17817493102916399
0.9205851192960053,0.3384309093456795,0.806543689310958,-1.0836082718516264,0.3139657758394047,1.1515203290362837,-0.35849654797434194
-1.6012811717575859,-0.4421419108617503,-0.24643739471071513,0.2868964813899415,0.03748984105991221,-1.1414989853659332,-0.09016080847258898
0.08746857671580108,-0.6395917731837243,1.4578919288570038,-0.7659003517819901,1.0585569360706022,1.321373611584596,-0.35849654797434194
-0.7612364250810806,-1.1784269114829429,1.3014210163825664,1.4892029240064077,1.1568407162977914,-1.566132191736714,1.2515178890361758
-0.1290378012936075,-0.6617356829768428,0.36143542355652025,-1.6941058437501428,1.3431997179176836,-0.3771592138985275,-0.6268322874760949
-0.3784531487604462,1.5083674767487776,-0.3667126262272104,1.6698603687518871,-1.019553623360587,0.3871805575688781,1.7881893680396816
-1.246210711822156,1.6744468001971669,-1.4138931203517775,0.6482113708809003,1.3398907367782296,-1.4812055504625579,-0.8951680269778478
1.118038936040586,-1.5604093554142384,1.2485776424199295,-1.457382295462963,1.1723999680386286,0.811813763939659,-0.35849654797434194
-0.9223171703200806,-0.05277816366608203,-0.2572264919193325,1.6449421005111315,-0.8589624323160181,-1.056572344091777,1.5198536285379287
-0.7993415476107365,0.7462479147022799,-1.7042706506009095,-0.9154099612265248,0.852977682300264,1.0665936877621276,-1.7001752454831067
-0.8305184660440914,0.20003147313868838,-0.751842792445571,1.470514222825841,-0.5624918029917392,1.0665936877621276,1.2515178890361758
0.821858210923715,1.1374569877140415,0.2825764039053626,-1.2891839848378615,-1.0585573584937265,0.3871805575688781,-0.09016080847258898
-0.6867582310458441,0.8606581153000592,-1.2873532517464075,-1.575744069606553,-0.5915685947065166,0.4721071988430343,-1.4318395059813538
-1.3865068447722526,-0.2520733518041492,-0.028335214579525175,-0.10556624340196202,-1.3323579468200435,0.7268871226655028,-0.09016080847258898
1.1786607218832204,-0.04355153458561596,-0.3560105378670496,0.14361643900559576,-1.516182409694822,-0.8017924202693084,0.7148464100326699
-0.8859440988145,-1.7080354207016957,0.8005400787674531,0.1623051401861626,-0.8270694864400032,-1.6510588330108702,-0.09016080847258898
0.0008660255120376344,-0.08230337672357346,1.0901635323299614,1.6760899358120762,0.6195889061877055,-1.6510588330108702,0.9831821495344228
0.7543082209847796,0.7905357342885171,0.7987128929498648,0.40525825553353145,1.6360093468323536,-1.056572344091777,-0.09016080847258898
1.1336273952572633,-1.582553265207357,-0.7605726802407157,0.14984600606578471,-0.6095215774844056,-0.6319391377209961,-0.09016080847258898
-1.0955222727276075,-0.7503113221493172,0.46500495616934995,-0.06818884104082835,0.9975167946257792,-0.037452648801902785,-0.35849654797434194
-1.414219661157457,0.6078484784952888,-0.3087357302056348,-1.108526540092382,1.5705337625835816,1.4912268941329085,-0.8951680269778478
-0.12730575026953225,0.013653565713273697,1.3692009093302513,-0.1740914810640404,1.02610075936234,-1.3113522679142455,-0.6268322874760949
-1.1041825278479838,0.95292440610472,0.6702298267289643,-1.457382295462963,0.16485041300187858,-1.566132191736714,-0.6268322874760949
1.544123487963102,-1.4552257838969251,-0.3450474229615191,0.7728027120846792,-1.271669824645375,0.7268871226655028,1.2515178890361758
1.286047885375887,0.43623317759861985,-1.3453011448184977,-1.5383666672454193,-1.575814474059026,1.4063002528587523,-0.8951680269778478
1.0712735583905537,0.5949311977826364,0.8081968574316333,-1.6255806060880644,-0.5838241707631133,0.3022539162947219,-0.09016080847258898
0.46505569996420965,-0.21701216129837814,-0.8683186375794617,0.9410010227097807,-1.6972611222623937,1.5761535354070646,0.9831821495344228
-0.29704675062890856,-1.281765157184163,0.03512323889481573,-1.220658747175783,-0.27545529010760605,1.4912268941329085,-0.35849654797434194
-1.2479427628462312,-1.3371249316669593,-1.662042356149977,-0.2675349869668746,-0.6440194659595652,0.3871805575688781,-1.7001752454831067
-0.5326056899031452,0.7942263859207035,0.5980124825099932,-0.4668811328929208,-0.9242972088567283,-0.8867190615434646,-0.09016080847258898
-0.2191044545455215,-0.6432824248159107,1.6042118090115054,-1.47607099664353,1.4971729466833443,-0.20730593135021513,-0.35849654797434194
-0.03377499496946774,0.7314853081735342,0.37698100448076466,0.44263565789466514,-0.6149426742447879,0.8967404052138152,0.7148464100326699
-0.2069800973769946,0.07454931764434979,-0.5102772261805868,-0.890491692985769,0.2565162309501595,-1.6510588330108702,-1.7001752454831067
1.4765734980241665,0.1649702826329173,1.722137801619673,0.7790322791448682,0.12415698537199657,1.4912268941329085,1.2515178890361758
1.272191477183285,-0.31665975536741175,0.5620198221984497,0.33673301787145304,1.7266895108242015,-0.6319391377209961,0.17817493102916399
-1.0487568950775752,-0.10260196070059882,-0.9156514511398477,1.5390394604879194,0.8275618909950956,-0.8017924202693084,0.9831821495344228
-1.2999042935684892,-1.3943300319658491,0.7048593484146878,-0.7970481870829349,1.1546581968228322,-0.6319391377209961,-0.35849654797434194
-0.7439159148403279,-1.1249124628162397,-1.5168825939748964,-1.675417142569576,0.7238570140075242,0.6419604813913466,-1.7001752454831067
-0.5291415878549945,1.0581079776220332,0.6582806115409257,-0.21769845048536302,1.2651922476514046,0.21732727502056576,-0.35849654797434194
-1.4072914570611559,0.9750683158978385,1.3746824667830164,-1.4075457589814515,0.6296566573141296,0.21732727502056576,-0.09016080847258898
0.29877880165298387,0.3550388416905184,0.007715451630989331,1.1777245709969606,-0.5337670305471166,1.4063002528587523,1.5198536285379287
-0.2797262403881559,1.3847306470705323,1.6998345334652998,0.6855887732420339,1.3189103882770101,-0.20730593135021513,0.9831821495344228
0.45293134279568276,-1.3094450444255612,0.907938000712373,0.17476427430654048,-1.0415900296722707,1.1515203290362837,0.9831821495344228
0.3074390567733602,-1.1119951821035872,-0.6084232072396223,-1.0524604365506816,-0.35304033724969947,-1.6510588330108702,-1.7001752454831067
1.3605260794111236,-1.0880059464943754,0.7108919619076782,-1.0213126012497369,-0.8580471822136159,-0.5470124964468399,-0.09016080847258898
-1.1665363647146936,-1.0086569364023672,-0.20505018579486298,0.8911644862282692,1.1594456588969362,-1.6510588330108702,-0.35849654797434194
0.028578841897241934,-1.3869487287014763,-1.3136589269297838,1.1091993333348822,-0.9090195725320148,-0.6319391377209961,0.4465106705309169
1.556247845131629,1.4566983538981675,-1.2258379958875971,0.5983748343993888,1.288495923335645,-0.4620858551726837,-0.35849654797434194
0.12730575026953225,0.7111867241965089,-1.5848075016700092,-1.687876276689954,-0.12105963821775959,0.4721071988430343,-1.7001752454831067
-1.4194158142296827,0.548798052380306,-1.6157246458215848,-0.7721299188421791,0.16287910508901232,1.4063002528587523,-1.7001752454831067
0.21564035249737096,-1.4054019868624084,-0.6001573666362461,0.7291957426633565,0.9319708065229763,0.3022539162947219,0.17817493102916399
0.4719839040605107,0.26092722506976446,0.11551941486870648,1.009526260371859,-1.2580818808174041,-0.9716457028176207,0.9831821495344228
1.0366325379090484,1.321989569323363,-1.315747139292742,-0.10556624340196202,-0.8253797939432608,-0.2922325726243713,-1.4318395059813538
-1.1492158544739408,-0.11367391559715811,-1.3877034569663433,-1.451152728402774,-1.5755328586429025,-0.8867190615434646,-0.8951680269778478
-0.892872302910801,-1.5032042551153488,-0.8646062600453138,-1.3078726860184284,-1.4569727684548033,-1.1414989853659332,-0.6268322874760949
0.8842120477904247,0.32551362863302696,1.6156969770077756,-1.5445962343056083,-1.4903441952654677,-1.3962789091884016,-0.35849654797434194
-1.478305549048242,1.4382450957372355,0.28628878143951053,0.342962584931642,-1.4607745765724738,0.7268871226655028,0.9831821495344228
-1.0470248440535,0.5875498945182634,-1.241470585660298,1.115428900395071,1.251041072991186,0.4721071988430343,0.17817493102916399
-1.6116734779020376,-0.6359011215515379,-0.27976178366958976,1.1029697662746933,0.33114431622295354,1.4912268941329085,1.2515178890361758
-1.066077405318328,-0.13397249957418347,-0.03268565700235476,0.9160827544690249,1.3863572804386484,-1.056572344091777,0.17817493102916399
-0.5135531286383171,-0.3591022491375557,-0.3467875999306509,0.7416548767837344,-1.4914002530759318,-0.8867190615434646,1.2515178890361758
1.4540568347111882,-1.6877368367246703,0.7916361732753953,1.694778636992643,-0.49891712280180245,-1.3962789091884016,1.5198536285379287
-1.1197709870646613,-1.0510994301725112,1.067831261226103,0.5734565661586329,1.5871490721348829,-0.8867190615434646,0.4465106705309169
1.5008222123612203,1.2721657722888462,0.8904782251220835,1.2524793757192278,-1.6623408106630486,-0.6319391377209961,2.0565251075414346
1.3865068447722526,0.28307113486288304,0.29635280491098964,0.7105070414827898,-1.1918318541742916,-0.5470124964468399,1.5198536285379287
-0.9500299867052849,-1.3278983025864934,-0.16389500047489508,0.4924721943761767,0.023338666399693727,-1.1414989853659332,-0.09016080847258898
-0.2243006076177473,-0.5233362467698518,0.47556202978208306,-1.3950866248610736,1.6382622701613436,-0.8867190615434646,-0.6268322874760949
-0.6192082411069085,-1.469988390425671,1.0645249249847526,-1.108526540092382,0.2779190025755646,-0.2922325726243713,-0.09016080847258898
1.2029094362202741,-1.0787793174139093,1.0049528667414727,1.5639577287286752,-0.9256348820833161,-0.8017924202693084,2.3248608470431877
1.1474838034498656,0.9713776642656521,-1.1697752945320665,1.7134673381732097,-0.8698750296908134,-1.2264256266400893,0.9831821495344228
-0.8339825680922419,-0.774300557758529,1.6086782632322771,0.46132435907523195,1.6777588322726997,0.8967404052138152,0.4465106705309169
0.615744139058758,-1.2891464604485359,-0.1800206403888501,-0.16163234694366252,-1.1809192567994964,0.9816670464879713,-0.35849654797434194
0.6521172105643387,1.512058128380964,0.732470156324913,-1.563284935486175,0.562420976714584,1.4063002528587523,-0.35849654797434194
0.41655827129010214,1.227877952702609,-1.3807717520393015,0.8600166509273244,0.5792474978279781,-0.4620858551726837,-0.35849654797434194
0.1134493420769301,1.5323567123579893,1.4120672686698654,-0.7908186200227459,-1.3222197918395884,-0.8867190615434646,0.17817493102916399
0.47371595508458597,0.48605697463313663,0.10304814658992834,0.6232931026401445,-1.6429797508045407,0.047473992472253396,1.2515178890361758
-0.17060702587141396,0.858812789483966,0.583191975322887,-1.2455770154165389,0.7009053575934385,-0.8017924202693084,-0.35849654797434194
0.15328651563066129,0.4897476262653231,-0.20574625658251572,1.701008204052832,1.4346543243038716,-0.2922325726243713,1.2515178890361758
0.4304146794827043,-1.2005708212760615,-0.6937498846260532,0.3990286884733425,-1.5549749332658687,1.4912268941329085,0.4465106705309169
-0.9690825479701128,0.8126796440816356,-1.6328073830685623,1.5265803263675415,-0.3647977808728661,-1.056572344091777,0.17817493102916399
0.27626213834000535,-0.47166712391924176,0.8668988271903472,1.1714950039367718,1.1771874301127323,1.1515203290362837,1.5198536285379287
1.5666401512760806,-0.45136853994221643,-0.34861478574823934,0.567226999098444,-0.8853638775776197,-0.4620858551726837,0.4465106705309169
-0.267601883219629,0.1151464855984005,-0.9312550379630631,-0.5167176693744324,-1.5904584756974611,1.5761535354070646,-0.35849654797434194
-0.4061659651456505,-0.4624404948387757,-0.07166562111090787,1.4455959545850852,1.1050938835850521,1.1515203290362837,1.2515178890361758
-0.028578841897241934,1.3662773889096,-0.0666771137993966,-0.8842621259255801,-0.23440984320756936,1.0665936877621276,-0.35849654797434194
0.07014806647504838,-0.9902036782414351,-0.8596177527338026,0.8350983826865687,1.257870246832187,-0.8017924202693084,0.17817493102916399
1.0297043338127472,0.24800994435711196,1.4947836806025987,0.7790322791448682,0.046219918959748495,1.5761535354070646,1.2515178890361758
-0.17926728099179032,-1.1322937660806127,-0.3784588207688503,-0.5852429070365107,1.732744242270862,0.047473992472253396,-0.8951680269778478
-0.821858210923715,-0.017716973160310952,-1.3794956222619381,-0.46065156583273187,-1.063837647546047,0.13240063374640956,-1.1635037664796009
0.3697928936400699,-0.3148144295513185,0.8494100486505722,1.6885490699324541,1.699936046292445,1.321373611584596,1.5198536285379287
0.9846710071867902,0.772082476127585,-0.36076702158267665,-1.0524604365506816,-0.14182877515688622,0.3871805575688781,-0.6268322874760949
-1.3743824876037258,-0.7669192544941561,0.31259445662288676,1.370841149862818,-0.8906441666299401,0.047473992472253396,1.7881893680396816
1.6688311616965215,0.64290966900106,1.670599560383885,0.48001306025579876,0.7327983034694534,1.4912268941329085,0.7148464100326699
-0.44427108767530643,0.08746659835700228,0.694099254155556,0.6232931026401445,-1.593063418296606,0.8967404052138152,1.5198536285379287
1.5423914369390268,-1.7264886788626277,-0.39368536924875386,1.4019889851637626,1.426557881090314,-0.20730593135021513,0.9831821495344228
-0.9915992112830914,-0.3498756200570896,-1.5270046233453467,-1.233117881296161,-1.1891565077211161,0.811813763939659,-1.1635037664796009
-1.2115696913406504,-1.547492074701586,-0.2436821145095897,-1.4698414295833409,-1.3146161756042472,0.21732727502056576,-0.09016080847258898
-0.5707108124328011,-1.145211046793265,-0.7084253770657317,-0.3422897916891419,0.22406005424189723,0.811813763939659,-1.1635037664796009
-0.1688749748473387,0.09853855325356158,-1.0356366531614876,-1.015083034189548,-0.40344949673585084,-1.3113522679142455,-1.1635037664796009
-0.49276851634941393,-0.4845844046318943,-1.2928058062496872,-1.3265613871989952,1.080311726966162,-1.056572344091777,-1.9685109849848597
-1.6930798760335752,0.7997623633689831,1.466592813702663,0.5111608955567435,0.14429248762484476,-0.8867190615434646,0.7148464100326699
1.459252987783414,-1.5013589292992555,1.3759585965603798,1.5203507593073526,0.20575505219385343,0.6419604813913466,2.0565251075414346
-0.7837530883940591,1.1171584037370161,-0.02859624112489495,1.5452690275481082,-0.1552055074227644,-0.2922325726243713,1.5198536285379287
-0.5395338939994462,-0.2742172615972678,-1.4087015923938675,0.12492773782502893,-0.8912073974621876,0.9816670464879713,-0.6268322874760949
1.6134055289261129,0.6484456464493396,0.7623141913455239,-1.5445962343056083,-1.0833395151126166,-1.7359854742850265,-0.6268322874760949
-1.6220657840464892,-1.340815583299146,-0.9508610318152818,-0.23015758460574093,-1.3757971247571321,-0.4620858551726837,-0.35849654797434194
1.3258850589296183,0.7204133532769749,0.6822370478159739,-1.2704952836572947,-0.7501180739841883,-1.7359854742850265,-0.8951680269778478
-0.13769805641398386,0.5377260974837467,0.6738261924651701,-1.0711491377312485,-0.40147818882298464,-0.12237929007605897,-0.09016080847258898
-0.06495191340282258,1.6984360358063788,0.5128598228204754,-0.7908186200227459,0.5936098840502895,-0.5470124964468399,-0.35849654797434194
1.4159517121815322,-1.3039090669772815,-1.6759927748525172,-1.6691875755093872,-1.1128387299515796,0.21732727502056576,-1.4318395059813538
1.6445824473594677,-0.5879226503331143,-1.5649114783229352,1.6449421005111315,-0.7035811264697385,-0.8017924202693084,0.4465106705309169
1.0470248440535,-1.110149856287494,1.233786138182309,-0.9029508271061469,-0.78778413589074,1.4912268941329085,-0.09016080847258898
1.1717325177869193,-1.4146286159428745,-0.4893660996015192,0.6980479073624118,1.6950077765102796,-1.7359854742850265,-0.6268322874760949
0.12557369924545697,-0.04539686040170917,-0.8312528681369536,1.246249808659039,-0.11958115728310989,-1.6510588330108702,0.17817493102916399
0.8946043539348763,-0.3111237779191321,-1.2784783492038352,0.5236200296771214,0.503633758598751,0.7268871226655028,-0.8951680269778478
0.9309774254404569,1.3201442435072697,1.2344822089699616,-0.7222933823606675,0.9241559787255421,-1.566132191736714,-0.8951680269778478
0.4027018630975,0.8514314862195932,0.3890462314667454,-0.1740914810640404,1.6547367720045831,-1.2264256266400893,-0.8951680269778478
-0.026846790873166666,-0.7982897933677408,-0.977108701099687,-0.5914724740966997,-1.4193067065482516,0.7268871226655028,-0.35849654797434194
-1.1163068850165108,0.056096059483417636,-1.4963775086886264,-0.5229472364346213,-1.5763777048912737,-0.037452648801902785,-0.8951680269778478
-1.0574171501979515,-0.3388036651605303,1.3973337703312159,-0.6163907423374555,-1.2463244371942375,0.5570338401171905,0.17817493102916399
0.5152851796623924,-0.6875702444021479,1.1515337734413442,-0.7908186200227459,-0.6204341748592009,-0.8867190615434646,-0.09016080847258898
-0.47718005713273653,1.4142558601280237,0.34963122311590933,0.2557486460889968,-0.4805417168997277,0.4721071988430343,0.7148464100326699
0.8339825680922419,0.8791113734609913,-0.9696839460313911,0.13738687194540683,-0.5711514770375445,-1.6510588330108702,-0.8951680269778478
-0.8322505170681667,-1.4755243678739505,0.47193666109639176,-0.560324638795755,0.35022376066533767,1.4912268941329085,-0.35849654797434194
1.2825837833277365,0.06901334019607014,-0.9362435452745743,-1.2642657165971058,-0.9635825594059916,-1.4812055504625579,-1.1635037664796009
0.6296005472513602,-0.8167430515286729,1.3336142903115051,1.4206776863443293,1.5549041069887133,-0.037452648801902785,1.7881893680396816
1.6012811717575859,-1.1931895180116887,1.5489321872920843,-1.0836082718516264,-1.089887073537494,0.21732727502056576,0.17817493102916399
1.073005609414629,-1.230096034333553,-0.871450956123899,-1.4262344601620183,-0.4873004868866977,1.23644697031044,-0.8951680269778478
1.1041825278479838,-1.6286864106096874,-0.5081890138176286,0.6669000720614672,1.36770025912045,0.9816670464879713,0.17817493102916399
-0.8582312824292957,0.7241040049091614,1.186569336419865,-0.4232741634715982,-1.631433518743467,-0.2922325726243713,0.17817493102916399
-0.956958190801586,0.5820139170699838,-1.196254987412356,0.33673301787145304,-1.2063350481046649,0.7268871226655028,-0.35849654797434194
1.150947905498016,0.6705895562424581,1.2408338549072928,-1.1147561071525711,-1.6060881312923294,-0.9716457028176207,-0.09016080847258898
-1.2046414872443494,-1.01603823966674,1.6661621091125989,0.22460081078805205,-0.7939796750454625,0.811813763939659,0.9831821495344228
1.260067120014758,0.13544506957542587,0.5084223715491892,0.9410010227097807,0.45758963806251773,-1.3113522679142455,0.7148464100326699
0.1740711279195645,-1.0806246432300026,-1.7464119362033854,-0.7409820835412344,-1.1782439103463207,-0.6319391377209961,-1.4318395059813538
1.253138915918457,0.5008195811618824,-0.7031468402593651,-1.3701683566203178,-1.1800744105511252,1.4912268941329085,-0.6268322874760949
0.5845672206254032,0.8016076891850764,1.5060368250029845,-0.554095071735566,-1.518364929169781,-1.1414989853659332,-0.09016080847258898
-1.620333733022414,-1.2633118990232308,-1.2071600964189155,1.0842810650941264,-0.5640406877804198,-0.7168657789951522,0.4465106705309169
0.8616953844774462,-1.64160369132234,-1.2630197771280474,0.7167366085429787,-0.15506469971470252,-0.6319391377209961,-0.35849654797434194
0.49450056737348924,-0.5417895049307839,0.2964398137594462,-0.7534412176616123,-0.410067459014759,-0.8017924202693084,-0.09016080847258898
-0.7179351494791989,-0.9329985779425455,-0.8043381310143813,0.44263565789466514,-1.6711412924169158,1.321373611584596,0.4465106705309169
1.6324580901909407,0.2406286410927391,1.278334668592084,-0.4731106999531098,1.521251064761925,0.21732727502056576,-0.35849654797434194
-0.5066249245420161,0.7665464986793052,-1.0938455727789476,0.4924721943761767,-1.1199495192087043,1.4063002528587523,0.17817493102916399
-1.686151671937274,-1.1341390918967058,-1.3392975342749929,0.5796861332188219,0.824816140687889,-0.037452648801902785,-0.8951680269778478
-0.3628646895437688,-1.1027685530231213,0.7558175306607651,-0.05572970692045046,-1.365658969776677,-0.9716457028176207,-0.09016080847258898
1.6965439780817257,-0.16718836426386133,1.5366059337607336,1.345922881622062,-0.6464836008506479,1.23644697031044,1.7881893680396816
-1.4765734980241665,1.2020433912773039,-1.6591710641509094,-1.569514502546364,0.19111105055541835,-0.5470124964468399,-1.7001752454831067
1.2496748138703064,1.5508099705189216,-1.2561460780999767,-1.6629580084491982,-0.6878810670208394,-0.20730593135021513,-1.4318395059813538
-1.4835017021204677,0.8329782280586611,-1.7007032878141892,1.458055088705463,0.8928262636817749,1.6610801766812209,0.4465106705309169
-0.32995572008633867,1.6024790933695314,-0.3953385373694291,0.6606705050012782,-0.39626830362469523,0.5570338401171905,0.7148464100326699
1.4835017021204677,-1.1064592046553077,1.2459093710672606,1.233790674538661,0.2918589656736903,-1.7359854742850265,0.9831821495344228
0.012990382680564516,0.34950286424223875,1.240021772321698,-0.2426167187261188,-1.2482957451071037,0.6419604813913466,0.17817493102916399
0.9621543438738118,1.2463312108635412,-0.8526860478067608,-1.6255806060880644,0.673307046813311,-1.2264256266400893,-1.4318395059813538
0.5759069655050268,0.006272262448900838,0.48133361672970365,-1.0213126012497369,-0.13014173538775056,-1.4812055504625579,-0.6268322874760949
-0.9777428030904892,-0.9348439037586387,-0.5263738631450563,1.24002024159885,1.5765884940302421,-0.5470124964468399,0.7148464100326699
1.6670991106724462,-0.10075663488450562,-1.69719393092644,0.050172933102761594,0.5587599763049752,-0.12237929007605897,-0.8951680269778478
-0.3801851997845215,0.2553912476214848,-1.09480267011197,1.0655923639135596,-0.8729727992681747,0.13240063374640956,1.2515178890361758
0.1307698523176828,1.3884212987027187,-0.7483914414567928,1.458055088705463,-1.5744768008324384,-0.6319391377209961,1.7881893680396816
-1.7277208965150805,0.17973288916166302,-1.5579797733958933,1.0967401992145043,-0.5384840887671895,0.5570338401171905,0.17817493102916399
-0.19831984225661828,-1.5382654456211198,-1.2753170277099124,-0.1740914810640404,-1.0736941871103782,0.811813763939659,-1.1635037664796009
-1.4973581103130698,-1.3961753577819422,1.0624367126217944,0.3990286884733425,1.18077802666831,1.4063002528587523,0.4465106705309169
-1.4090235080852311,-1.453380458080832,-0.15690528964888223,-0.9154099612265248,-0.5472845705210567,-1.566132191736714,-0.8951680269778478
0.5499262001438978,0.6668989046102717,0.2427263513122436,-1.687876276689954,-0.2578543265998716,-0.4620858551726837,-0.35849654797434194
0.7265954045995753,0.3642654707709845,-1.3251440949260538,1.4892029240064077,-1.5365995273637938,1.4063002528587523,1.2515178890361758
1.144019701401715,-0.2373107452754035,1.0774312375058137,1.4331368204647073,1.2363266674987201,-0.5470124964468399,1.7881893680396816
-1.1111107319442848,0.7573198695988392,-1.5155774612480477,0.15607557312597364,-1.2405513211637007,0.4721071988430343,-0.35849654797434194
1.5406593859149516,-0.06015946693045489,0.05325008232327234,1.3833002839831958,0.5027889123503797,1.321373611584596,1.2515178890361758
-0.8461069252607688,0.9197085414150421,-0.05307473049068276,1.5764168628490531,1.3786832603492762,1.4063002528587523,1.2515178890361758
0.29704675062890856,0.8975646316219236,1.2004327462739488,-0.02458187161950574,-0.949501788599804,0.5570338401171905,0.17817493102916399
-1.4886978551926935,0.2941430897594423,-0.3808950685256349,-1.3577092224999399,-0.9807610997895404,-1.6510588330108702,-1.1635037664796009
0.4962326183975645,-1.0935419239426551,0.1938853843786101,1.5639577287286752,1.036027702780702,0.9816670464879713,1.2515178890361758
0.9534940887534354,0.2941430897594423,0.49960547490558793,1.127888034515449,-1.6080594392051957,1.1515203290362837,2.0565251075414346
0.31436726086966127,0.7093413983804157,-1.3426328734658288,0.8350983826865687,-0.5116602203814021,-0.12237929007605897,-0.35849654797434194
-1.2392825077258547,-1.7338699821270005,-0.038892288192258304,1.0967401992145043,0.6271221185690158,0.21732727502056576,1.2515178890361758
-1.7069362842261773,1.410565208495837,0.15815375061243644,1.3147750463211174,-0.23405782393741467,0.811813763939659,1.5198536285379287
1.2046414872443494,1.0507266743576604,-0.9149843833016804,0.19968254254729628,1.0370133567371354,0.3871805575688781,-0.35849654797434194
0.5395338939994462,0.16866093426510373,0.5811327659094144,0.012795530741627929,-0.9485161346433709,1.4912268941329085,-0.09016080847258898
0.23642496478627417,-1.608387826632662,-1.5923482685362471,1.3334637475016842,1.3549571615408502,1.6610801766812209,0.17817493102916399
-1.5614439982038548,1.582180509392506,1.0074181174477428,0.9908375591912922,-1.1923950850065392,0.13240063374640956,1.5198536285379287
-0.10132498490840322,-1.0344914978276722,1.2202417607725662,-0.27999412108725247,-0.17358091332483913,0.3022539162947219,-0.09016080847258898
1.0747376604387042,1.667065496932794,1.6973982857085153,0.9783784250709143,1.5275874116247095,1.6610801766812209,0.9831821495344228
0.32995572008633867,-0.4144620236203521,1.5386071372752352,1.0282149615524259,-1.5932042260046677,-0.2922325726243713,1.5198536285379287
-0.6174761900828333,-1.239322663414019,0.7476096959563598,0.7541140109041123,-1.054685146522025,-0.8867190615434646,1.5198536285379287
0.7837530883940591,-0.8130523998964865,0.225092558025041,-0.9091803941663359,-1.7098634121339316,0.9816670464879713,-0.09016080847258898
1.5614439982038548,-1.7135713981499752,-0.610540422552066,1.4892029240064077,-0.6596491215544333,1.5761535354070646,1.5198536285379287
-0.30917110779743545,-0.1118285897810649,-0.01595095514920362,1.127888034515449,1.0658789368898198,1.321373611584596,0.9831821495344228
-1.6740273147687472,1.425327815024583,0.6884436790058776,-0.12425494458252885,-0.06079393916727688,1.4912268941329085,-0.09016080847258898
-1.2254260995332527,-0.34064899097662354,-1.6387819906625816,-0.22392801754555197,-0.7270960137160717,0.811813763939659,-1.7001752454831067
1.3899709468204031,0.4436144808629927,-1.5259605171638675,0.33673301787145304,0.855301009483285,0.9816670464879713,-0.8951680269778478
-0.5551223532161236,-1.100923227207028,0.06366214118857781,0.2183712437278631,0.5752344781482147,-0.9716457028176207,-0.09016080847258898
0.39923776104934944,0.6558269497137124,1.463808530552052,0.03771379898238371,-1.5810947631113466,1.321373611584596,0.9831821495344228
1.1665363647146936,-0.03247957968905667,-0.23045676954418776,1.582646429909242,-1.1264970776335814,-0.3771592138985275,1.7881893680396816
0.2901185465326075,-0.0011090408154720204,-0.13671923680695294,0.8475575168069465,0.4189379221995329,1.23644697031044,0.7148464100326699
-0.7889492414662849,-1.5622546812303317,0.8510052108722764,-0.2675349869668746,-0.2051922437847302,1.5761535354070646,-0.09016080847258898
-0.331687771110414,-0.30374247465475923,-1.3467802952422596,0.8164096815060018,1.50210121646551,1.5761535354070646,-0.35849654797434194
-0.6677056697810161,-0.8757934776436558,0.10655750347767753,0.3803399872927757,-0.1414063520327006,1.4063002528587523,0.4465106705309169
-0.6140120880346828,0.2904524381272559,0.9509783777489003,-1.339020521319373,1.460422134879195,0.811813763939659,-0.35849654797434194
-0.9049966600793279,1.4419357473694219,1.7010236543942066,-1.2081996130554051,0.23785920963196103,-1.4812055504625579,-0.6268322874760949
0.26586983219555377,-1.410937964310688,-0.07099855327274066,-0.12425494458252885,0.1839298574442627,-1.056572344091777,-0.8951680269778478
0.16194677075103764,1.2315686043347953,-1.4778156210178868,-1.5508258013657972,1.0298321636259797,1.321373611584596,-1.7001752454831067
-1.1751966198350698,-0.8518042420344439,1.6613476194980008,0.6918183403022229,0.018973627449775585,-0.2922325726243713,1.2515178890361758
0.8045377006829624,0.8551221378517796,-1.4500597983602341,-1.3888570578008845,-0.20322093587186393,0.5570338401171905,-1.7001752454831067
-1.705204233202102,-0.25945465506852206,-0.5326965061329019,1.4144481192841405,0.3329748164277579,0.047473992472253396,0.9831821495344228
-1.6428503963353924,-0.5934586277813939,0.5552331320188356,-0.48556983407348764,0.6251508106561495,1.4912268941329085,-0.35849654797434194
-1.215033793388801,-0.6506637280802836,-1.1932966865648318,0.7229661756031677,-1.1079104601694139,1.6610801766812209,0.17817493102916399
-0.3524723833993172,0.43438785178252665,-1.5074856383415847,0.5049313284965545,-0.6552840826045152,-1.4812055504625579,-1.4318395059813538
1.525070926698274,0.3365855835295863,-1.2774632459718416,0.16853470724635156,-0.8761409726995669,0.6419604813913466,-0.6268322874760949
1.3674542835074246,-1.3906393803336627,-0.7117317133070822,0.3055851825705083,1.1181890004348065,-1.3962789091884016,-0.8951680269778478
-1.2964401915203387,0.4159345936215945,0.6161393259384498,-0.10556624340196202,0.7496952284368784,1.0665936877621276,-0.35849654797434194
1.6774914168168977,0.47498501973657736,0.6494347119478389,0.8164096815060018,0.5087732399430095,0.8967404052138152,0.9831821495344228
-1.3934350488685536,0.9584603835529996,0.46805026586533066,0.03148423192219476,0.34691477952588357,-1.056572344091777,-0.6268322874760949
-0.2918505975566828,-0.6414370989998175,0.32738596086050736,-0.6599977117587781,-1.4647171923982063,-0.6319391377209961,0.17817493102916399
-0.9673504969460376,0.5414167491159331,0.9500502833653633,0.49870176143636563,1.5018900049034172,1.4063002528587523,0.4465106705309169
1.312028650737016,1.2518671883118206,-0.5210083174902331,0.6419818038207113,-0.4899758333398734,0.9816670464879713,0.4465106705309169
-1.2288902015814032,0.13729039539151908,-0.3091997773974033,-0.09310710928158414,-0.04108086003861431,-0.2922325726243713,-0.6268322874760949
0.679830026949543,-1.2854558088163495,0.5137879172040124,1.2711680768997948,-0.1494323913922275,-0.9716457028176207,1.5198536285379287
1.2254260995332527,-1.185808214747316,0.2597220797107645,1.146576735696016,-0.39429699571182897,1.1515203290362837,1.5198536285379287
0.795877445562586,1.2075793687255836,-0.6361500269477894,-0.39212632817065346,-0.5907237484581452,-0.20730593135021513,-0.6268322874760949
0.5880313226735537,0.34396688679395915,-0.032395627507499455,0.7105070414827898,1.4495095375043996,-0.8867190615434646,0.4465106705309169
1.3795786406759516,-0.49934701116064,0.1646504112971953,0.7603435779643013,-0.5720667271399468,-1.566132191736714,0.4465106705309169
0.731791557671801,-0.22254813874665777,0.5443280230122761,0.3616512861122088,1.6068621512635455,1.1515203290362837,0.17817493102916399
-1.286047885375887,1.5618819254154808,-0.1217827178219047,0.23705994490842994,-1.6569197139026663,-1.566132191736714,0.17817493102916399
1.305100446640715,0.03579747550639227,-1.3801626901001054,1.1029697662746933,0.4763874670887781,0.9816670464879713,0.17817493102916399
1.4609850388074892,1.357050759829134,1.2577425744573572,-0.08687754222139518,-0.5377096463728491,0.21732727502056576,-0.09016080847258898
-0.3039749547252097,0.5690966363573313,0.9106062720650417,0.5983748343993888,1.4649983853912059,-1.3962789091884016,0.4465106705309169
0.4234864753864032,0.3033697188399084,-1.3222437999775007,-0.1740914810640404,1.2583630738104037,1.4912268941329085,-1.7001752454831067
-0.040703199065768816,-0.03986088295342953,1.484690654181634,1.00329669331167,0.9938557942161705,1.0665936877621276,0.9831821495344228
-1.2652632730869837,1.6486122387718618,0.7316870766888036,1.35838201574244,0.9590058864708563,-1.056572344091777,1.2515178890361758
-1.4436645285667364,1.5766445319442266,0.7172436078450094,-1.47607099664353,-1.2982824814690697,1.4912268941329085,0.17817493102916399
1.570104253324231,1.4474717248177016,1.5793852842518914,-0.41081502935122033,0.8573427212501822,-0.5470124964468399,-0.35849654797434194
-1.2219619974851021,-1.041872801092045,1.166006245234624,1.4767437898860298,-1.5726463006276339,0.3871805575688781,2.3248608470431877
-1.2617991710388332,-1.023419542931113,0.3386971111598643,1.5764168628490531,-1.4836558291325286,1.321373611584596,2.3248608470431877
-1.0314363848368224,0.6115391301274753,0.9830556398798971,-0.2426167187261188,-0.9006415139023332,-1.7359854742850265,-0.8951680269778478
0.6503851595402634,-0.8887107583563083,1.532951562125557,-1.5196779660648525,0.6321207922052123,1.6610801766812209,-0.09016080847258898
1.3276171099536935,-0.9883583524253419,-0.9397819051118091,-1.6380397402084423,0.8158044473719289,-1.3113522679142455,-1.4318395059813538
-1.144019701401715,1.4197918375763032,-0.12227576796315871,0.13738687194540683,-0.23807084361717812,-0.4620858551726837,0.17817493102916399
-1.5354632328427258,0.7868450826563307,-0.04060346221190461,-0.8281960223838796,-0.8117918501152898,-0.037452648801902785,-0.35849654797434194
1.2548709669425322,0.2517005959892984,1.6188582985016984,1.2088724062979053,0.1538674117730523,-0.8017924202693084,1.7881893680396816
1.1076466298961343,1.2647844690244732,-0.8885626963203621,0.7105070414827898,0.30734781356049656,-1.3962789091884016,-0.35849654797434194
1.4194158142296827,-1.4164739417589676,-0.18408105331682437,0.7977209803254349,0.0001757984235152085,-0.12237929007605897,0.7148464100326699
0.7213992515273494,1.4031839052314643,-0.468745002517307,1.1403471686358269,0.7877133096135848,-0.037452648801902785,0.7148464100326699
0.3940416079771236,-0.5713147179882754,1.3882268441927592,-1.444923161342585,0.7006941460313457,1.5761535354070646,-0.35849654797434194
1.0158479256201451,-1.6046971750004755,-0.03320771009309431,0.16853470724635156,0.8445292198165516,-0.9716457028176207,-0.35849654797434194
0.8374466701403924,-0.0490875120338956,-0.24141988444971832,-1.6131214719676867,0.7245610525478337,-0.5470124964468399,-0.8951680269778478
0.23296086273812364,1.0341187420128215,-0.17581521271344816,-1.2455770154165389,-0.031576339744437715,-1.6510588330108702,-1.4318395059813538
0.1861954850880914,-1.6619022752993653,1.0164090317882573,1.1901837051173385,0.028266936181859367,-1.6510588330108702,0.9831821495344228
-0.9552261397775107,-1.0658620367012568,-1.3957082710243498,1.1901837051173385,1.20027989423488,1.0665936877621276,0.17817493102916399
1.1977132831480484,1.6320043064270229,-0.5690372018382718,-1.675417142569576,0.9260568827843775,0.21732727502056576,-1.1635037664796009
1.4679132429037902,-0.1487351061029292,-0.13486304803987897,-0.9590169306478474,0.41358722929318165,0.8967404052138152,-0.6268322874760949
0.6659736187569408,1.150374268426694,-0.5691242106867284,-0.5291768034948102,-1.3671374507113268,-1.2264256266400893,-0.6268322874760949
1.021044078692371,1.4290184666567693,0.7712180968375818,0.8600166509273244,-1.0758063027313063,0.5570338401171905,1.5198536285379287
-1.059149201222027,-1.3795674254371033,-0.7882414940499118,-1.233117881296161,0.3614883773102877,-1.4812055504625579,-1.7001752454831067
1.3535978753148226,-0.7134048058274529,-0.33428732870238725,-0.01212273749912785,-1.1029117865332174,-1.2264256266400893,-0.6268322874760949
-0.5083569755660914,-1.5954705459200096,-1.1769390230549925,0.3242738837510752,0.2961536007695775,0.9816670464879713,-0.35849654797434194
1.1734645688109946,1.3459788049325747,0.8537604910734018,-1.5944327707871198,1.6767027744622356,-1.4812055504625579,-1.1635037664796009
-0.3940416079771236,0.8717300701966185,0.045738318406519915,1.2213315404182832,-0.9192985352205317,-0.6319391377209961,1.5198536285379287
-0.7820210373699839,0.06532268856388371,-1.5019750779393337,0.3803399872927757,1.6158034407254744,-0.2922325726243713,-0.8951680269778478
-1.3484017222425968,-1.1765815856668498,-1.4103837634640282,1.1777245709969606,-0.6024107882272809,-1.3113522679142455,0.17817493102916399
-0.33861597520671505,-1.7412512853913735,1.4047875283489972,-1.332790954259184,-0.0899411347360851,1.23644697031044,-0.09016080847258898
0.859963333453371,0.15943430518463766,-1.4326870316184013,-0.5727837729161329,0.4286536540558023,-1.2264256266400893,-1.9685109849848597
